reynolds,alpha,CL,CD,provenance,alpha_stall,blend_width
150000,-14.0,-0.505,0.17481,xfoil_returned,,
150000,-13.5,-0.4937,0.16755,xfoil_returned,,
150000,-13.0,-0.4845811292762557,0.1564246952327704,xfoil_branch_reconstructed_pchip,,
150000,-12.5,-0.474,0.14528,xfoil_returned,,
150000,-12.0,-0.4547,0.13797,xfoil_returned,,
150000,-11.5,-0.4419,0.13121,xfoil_returned,,
150000,-11.0,-0.4323,0.12441,xfoil_returned,,
150000,-10.5,-0.4258,0.11755,xfoil_returned,,
150000,-10.0,-0.4251,0.11296,xfoil_returned,,
150000,-9.5,-0.42693841967321494,0.10529728058292712,xfoil_branch_reconstructed_pchip,,
150000,-9.0,-0.43211078579523987,0.09493787688523542,xfoil_branch_reconstructed_pchip,,
150000,-8.5,-0.4401027590196449,0.083032034744926,xfoil_branch_reconstructed_pchip,,
150000,-8.0,-0.4504,0.07073,xfoil_returned,,
150000,-7.5,-0.474,0.05729,xfoil_returned,,
150000,-7.0,-0.4986,0.04461,xfoil_returned,,
150000,-6.5,-0.5007,0.03589,xfoil_returned,,
150000,-6.0,-0.4809,0.0296,xfoil_returned,,
150000,-5.5,-0.4324,0.02356,xfoil_returned,,
150000,-5.0,-0.35859552247195337,0.019991334906432796,xfoil_branch_reconstructed_pchip,,
150000,-4.5,-0.2754,0.01765,xfoil_returned,,
150000,-4.0,-0.1992,0.01641,xfoil_returned,,
200000,-14.0,-0.4941,0.16539,xfoil_returned,,
200000,-13.5,-0.4809,0.15875,xfoil_returned,,
200000,-13.0,-0.4695,0.15189,xfoil_returned,,
200000,-12.5,-0.4628,0.1461,xfoil_returned,,
200000,-12.0,-0.4545,0.14083,xfoil_returned,,
200000,-11.5,-0.445,0.13367,xfoil_returned,,
200000,-11.0,-0.4364,0.12594,xfoil_returned,,
200000,-10.5,-0.4287,0.11789,xfoil_returned,,
200000,-10.0,-0.4223,0.10961,xfoil_returned,,
200000,-9.5,-0.4382,0.09592,xfoil_returned,,
200000,-9.0,-0.43589999999999995,0.08756294177540737,xfoil_branch_reconstructed_pchip,,
200000,-8.5,-0.4336,0.07948,xfoil_returned,,
200000,-8.0,-0.45405555555555555,0.0667120093545628,xfoil_branch_reconstructed_pchip,,
200000,-7.5,-0.4920444444444444,0.05171981717236275,xfoil_branch_reconstructed_pchip,,
200000,-7.0,-0.5125,0.03942,xfoil_returned,,
200000,-6.5,-0.5103,0.03176,xfoil_returned,,
200000,-6.0,-0.4385,0.02516,xfoil_returned,,
200000,-5.5,-0.3718,0.01797,xfoil_returned,,
200000,-5.0,-0.2923,0.01536,xfoil_returned,,
200000,-4.5,-0.2182,0.01464,xfoil_returned,,
200000,-4.0,-0.14331308269706777,0.013545033248601932,xfoil_branch_reconstructed_pchip,,
300000,-14.0,-0.493,0.16767,xfoil_returned,,
300000,-13.5,-0.4812,0.16036,xfoil_returned,,
300000,-13.0,-0.4701,0.15279,xfoil_returned,,
300000,-12.5,-0.4595,0.145,xfoil_returned,,
300000,-12.0,-0.4566608241557981,0.13505731754740483,xfoil_branch_reconstructed_pchip,,
300000,-11.5,-0.45515405396202835,0.12426144821954703,xfoil_branch_reconstructed_pchip,,
300000,-11.0,-0.4521,0.11561,xfoil_returned,,
300000,-10.5,-0.4375,0.11028,xfoil_returned,,
300000,-10.0,-0.4289,0.10363,xfoil_returned,,
300000,-9.5,-0.4257,0.09581,xfoil_returned,,
300000,-9.0,-0.4316,0.08364,xfoil_returned,,
300000,-8.5,-0.454,0.07225,xfoil_returned,,
300000,-8.0,-0.486,0.05886,xfoil_returned,,
300000,-7.5,-0.5238,0.04321,xfoil_returned,,
300000,-7.0,-0.5176,0.02915,xfoil_returned,,
300000,-6.5,-0.4525,0.02057,xfoil_returned,,
300000,-6.0,-0.3836,0.0165,xfoil_returned,,
300000,-5.5,-0.3117,0.01435,xfoil_returned,,
300000,-5.0,-0.2379,0.01209,xfoil_returned,,
300000,-4.5,-0.1713,0.01145,xfoil_returned,,
300000,-4.0,-0.1033,0.01063,xfoil_returned,,
500000,-14.0,-0.5011,0.15911,xfoil_returned,,
500000,-13.5,-0.4923,0.15114,xfoil_returned,,
500000,-13.0,-0.4795,0.14466,xfoil_returned,,
500000,-12.5,-0.4673,0.13821,xfoil_returned,,
500000,-12.0,-0.4565,0.13141,xfoil_returned,,
500000,-11.5,-0.4473,0.12431,xfoil_returned,,
500000,-11.0,-0.4401,0.11692,xfoil_returned,,
500000,-10.5,-0.4346,0.10908,xfoil_returned,,
500000,-10.0,-0.433775,0.10112284618952429,xfoil_branch_reconstructed_pchip,,
500000,-9.5,-0.4335,0.09168,xfoil_returned,,
500000,-9.0,-0.45786216343143393,0.07788438468717027,xfoil_branch_reconstructed_pchip,,
500000,-8.5,-0.5044,0.06047,xfoil_returned,,
500000,-8.0,-0.5599,0.03897,xfoil_returned,,
500000,-7.5,-0.5306,0.02685,xfoil_returned,,
500000,-7.0,-0.4687,0.02077,xfoil_returned,,
500000,-6.5,-0.4015,0.01708,xfoil_returned,,
500000,-6.0,-0.3382,0.01371,xfoil_returned,,
500000,-5.5,-0.276,0.01067,xfoil_returned,,
500000,-5.0,-0.2171013606225872,0.009791054871371765,xfoil_branch_reconstructed_pchip,,
500000,-4.5,-0.1605,0.00925,xfoil_returned,,
500000,-4.0,-0.1066,0.00877,xfoil_returned,,
750000,-14.0,-0.4856,0.16326,xfoil_returned,,
750000,-13.5,-0.4738,0.15578,xfoil_returned,,
750000,-13.0,-0.4629,0.14818,xfoil_returned,,
750000,-12.5,-0.453,0.1405,xfoil_returned,,
750000,-12.0,-0.4437,0.1326,xfoil_returned,,
750000,-11.5,-0.4355,0.12459,xfoil_returned,,
750000,-11.0,-0.429,0.11649,xfoil_returned,,
750000,-10.5,-0.4239,0.10811,xfoil_returned,,
750000,-10.0,-0.4467,0.09427,xfoil_returned,,
750000,-9.5,-0.4721,0.08049,xfoil_returned,,
750000,-9.0,-0.5734,0.04953,xfoil_returned,,
750000,-8.5,-0.6321,0.02833,xfoil_returned,,
750000,-8.0,-0.5761,0.02082,xfoil_returned,,
750000,-7.5,-0.5144,0.01664,xfoil_returned,,
750000,-7.0,-0.4495,0.01389,xfoil_returned,,
750000,-6.5,-0.3878,0.01226,xfoil_returned,,
750000,-6.0,-0.3273,0.01073,xfoil_returned,,
750000,-5.5,-0.2714,0.00965,xfoil_returned,,
750000,-5.0,-0.2188,0.00852,xfoil_returned,,
750000,-4.5,-0.16505208433087273,0.008123168551328254,xfoil_branch_reconstructed_pchip,,
750000,-4.0,-0.1108,0.00784,xfoil_returned,,
1000000,-14.0,-0.4949,0.15991,xfoil_returned,,
1000000,-13.5,-0.4837,0.15245,xfoil_returned,,
1000000,-13.0,-0.4733,0.14491,xfoil_returned,,
1000000,-12.5,-0.4607,0.13789,xfoil_returned,,
1000000,-12.0,-0.4447,0.1319,xfoil_returned,,
1000000,-11.5,-0.4352,0.1244,xfoil_returned,,
1000000,-11.0,-0.46581603010444395,0.10684500959067172,xfoil_branch_reconstructed_pchip,,
1000000,-10.5,-0.5071,0.08737,xfoil_returned,,
1000000,-10.0,-0.5232,0.07561,xfoil_returned,,
1000000,-9.5,-0.5452,0.06323,xfoil_returned,,
1000000,-9.0,-0.5802529032258064,0.04637503472094599,xfoil_branch_reconstructed_pchip,,
1000000,-8.5,-0.603,0.03092,xfoil_returned,,
1000000,-8.0,-0.5527,0.02214,xfoil_returned,,
1000000,-7.5,-0.491,0.01967,xfoil_returned,,
1000000,-7.0,-0.4383,0.01335,xfoil_returned,,
1000000,-6.5,-0.3816,0.01076,xfoil_returned,,
1000000,-6.0,-0.3276,0.00956,xfoil_returned,,
1000000,-5.5,-0.2742,0.00887,xfoil_returned,,
1000000,-5.0,-0.2217,0.00803,xfoil_returned,,
1000000,-4.5,-0.1675,0.00767,xfoil_returned,,
1000000,-4.0,-0.1129,0.00733,xfoil_returned,,
1500000,-14.0,-0.4891,0.15936,xfoil_returned,,
1500000,-13.5,-0.4786,0.15157,xfoil_returned,,
1500000,-13.0,-0.4694,0.14373,xfoil_returned,,
1500000,-12.5,-0.4812,0.1299,xfoil_returned,,
1500000,-12.0,-0.5391541115469132,0.10573319687701804,xfoil_branch_reconstructed_pchip,,
1500000,-11.5,-0.6083,0.08144,xfoil_returned,,
1500000,-11.0,-0.6401,0.06731,xfoil_returned,,
1500000,-10.5,-0.6729,0.05257,xfoil_returned,,
1500000,-10.0,-0.6683436101746859,0.04038844639970956,xfoil_branch_reconstructed_pchip,,
1500000,-9.5,-0.655532960465829,0.028973627572000348,xfoil_branch_reconstructed_pchip,,
1500000,-9.0,-0.6357558305240576,0.01992449495829097,xfoil_branch_reconstructed_pchip,,
1500000,-8.5,-0.6103,0.01484,xfoil_returned,,
1500000,-8.0,-0.5522,0.01311,xfoil_returned,,
1500000,-7.5,-0.4915,0.01188,xfoil_returned,,
1500000,-7.0,-0.4356,0.01073,xfoil_returned,,
1500000,-6.5,-0.384,0.00981,xfoil_returned,,
1500000,-6.0,-0.331,0.00912,xfoil_returned,,
1500000,-5.5,-0.2782,0.00804,xfoil_returned,,
1500000,-5.0,-0.225,0.00744,xfoil_returned,,
1500000,-4.5,-0.1701,0.00702,xfoil_returned,,
1500000,-4.0,-0.1151,0.00677,xfoil_returned,,
2000000,-14.0,-0.4935,0.15807,xfoil_returned,,
2000000,-13.5,-0.4992983056736429,0.14729593974551924,xfoil_branch_reconstructed_pchip,,
2000000,-13.0,-0.5161371484630477,0.13309046832035273,xfoil_branch_reconstructed_pchip,,
2000000,-12.5,-0.5431824170209287,0.11582726273500984,xfoil_branch_reconstructed_pchip,,
2000000,-12.0,-0.5796,0.09588,xfoil_returned,,
2000000,-11.5,-0.6811,0.068,xfoil_returned,,
2000000,-11.0,-0.7606,0.03963,xfoil_returned,,
2000000,-10.5,-0.7907,0.0296,xfoil_returned,,
2000000,-10.0,-0.7765,0.02273,xfoil_returned,,
2000000,-9.5,-0.7231,0.01792,xfoil_returned,,
2000000,-9.0,-0.663,0.01511,xfoil_returned,,
2000000,-8.5,-0.6045,0.0134,xfoil_returned,,
2000000,-8.0,-0.5436,0.01227,xfoil_returned,,
2000000,-7.5,-0.4923,0.01039,xfoil_returned,,
2000000,-7.0,-0.4417,0.00937,xfoil_returned,,
2000000,-6.5,-0.3888,0.00874,xfoil_returned,,
2000000,-6.0,-0.3347,0.00821,xfoil_returned,,
2000000,-5.5,-0.2806741849419537,0.0076391165120725055,xfoil_branch_reconstructed_pchip,,
2000000,-5.0,-0.2264,0.00711,xfoil_returned,,
2000000,-4.5,-0.1714,0.00671,xfoil_returned,,
2000000,-4.0,-0.1157,0.00641,xfoil_returned,,
3000000,-14.0,-0.657962939374841,0.11580520750138754,xfoil_branch_reconstructed_pchip,,
3000000,-13.5,-0.7571,0.08469,xfoil_returned,,
3000000,-13.0,-0.8479,0.06107,xfoil_returned,,
3000000,-12.5,-0.9223,0.0345,xfoil_returned,,
3000000,-12.0,-0.9335,0.02793,xfoil_returned,,
3000000,-11.5,-0.9238,0.02341,xfoil_returned,,
3000000,-11.0,-0.8890961150549826,0.01941565094640675,xfoil_branch_reconstructed_pchip,,
3000000,-10.5,-0.8366,0.01612,xfoil_returned,,
3000000,-10.0,-0.779,0.0139,xfoil_returned,,
3000000,-9.5,-0.7162,0.01246,xfoil_returned,,
3000000,-9.0,-0.6592,0.01142,xfoil_returned,,
3000000,-8.5,-0.6025,0.01053,xfoil_returned,,
3000000,-8.0,-0.5516,0.00982,xfoil_returned,,
3000000,-7.5,-0.4994,0.00919,xfoil_returned,,
3000000,-7.0,-0.4462,0.00865,xfoil_returned,,
3000000,-6.5,-0.3924,0.00821,xfoil_returned,,
3000000,-6.0,-0.3378,0.00759,xfoil_returned,,
3000000,-5.5,-0.2834,0.00716,xfoil_returned,,
3000000,-5.0,-0.2277,0.00672,xfoil_returned,,
3000000,-4.5,-0.1731,0.00626,xfoil_returned,,
3000000,-4.0,-0.1168,0.00597,xfoil_returned,,
6000000,-14.0,-1.1567,0.02374,xfoil_returned,,
6000000,-13.5,-1.1313,0.021,xfoil_returned,,
6000000,-13.0,-1.1016,0.01882,xfoil_returned,,
6000000,-12.5,-1.0549,0.01684,xfoil_returned,,
6000000,-12.0,-0.9984,0.01509,xfoil_returned,,
6000000,-11.5,-0.942,0.01365,xfoil_returned,,
6000000,-11.0,-0.8834,0.01244,xfoil_returned,,
6000000,-10.5,-0.8232,0.01144,xfoil_returned,,
6000000,-10.0,-0.7687,0.01066,xfoil_returned,,
6000000,-9.5,-0.719,0.01014,xfoil_returned,,
6000000,-9.0,-0.667,0.00968,xfoil_returned,,
6000000,-8.5,-0.6137,0.00927,xfoil_returned,,
6000000,-8.0,-0.5623,0.00822,xfoil_returned,,
6000000,-7.5,-0.5076,0.00773,xfoil_returned,,
6000000,-7.0,-0.453,0.00736,xfoil_returned,,
6000000,-6.5,-0.3975,0.00699,xfoil_returned,,
6000000,-6.0,-0.342,0.00671,xfoil_returned,,
6000000,-5.5,-0.2856,0.00642,xfoil_returned,,
6000000,-5.0,-0.23,0.00613,xfoil_returned,,
6000000,-4.5,-0.1739,0.00583,xfoil_returned,,
6000000,-4.0,-0.118,0.00545,xfoil_returned,,
150000,-3.5,-0.1154,0.01494,xfoil_branch,10.5,3.0
150000,-3.0,-0.0488,0.01408,xfoil_branch,10.5,3.0
150000,-2.5,0.0328,0.01302,xfoil_branch,10.5,3.0
150000,-2.0,0.0874,0.01226,xfoil_branch,10.5,3.0
150000,-1.5,0.1421,0.0117,xfoil_branch,10.5,3.0
150000,-1.0,0.2181,0.01137,xfoil_branch,10.5,3.0
150000,-0.5,0.3059,0.01118,xfoil_branch,10.5,3.0
150000,0.0,0.3511,0.01135,xfoil_branch,10.5,3.0
150000,0.5,0.4018,0.01157,xfoil_branch,10.5,3.0
150000,1.0,0.4523,0.01169,xfoil_branch,10.5,3.0
150000,1.5,0.5034,0.01197,xfoil_branch,10.5,3.0
150000,2.0,0.5553,0.01207,xfoil_branch,10.5,3.0
150000,2.5,0.6068,0.01234,xfoil_branch,10.5,3.0
150000,3.0,0.6595,0.01239,xfoil_branch,10.5,3.0
150000,3.5,0.7104,0.01261,xfoil_branch,10.5,3.0
150000,4.0,0.7633,0.01277,xfoil_branch,10.5,3.0
150000,4.5,0.8137,0.01282,xfoil_branch,10.5,3.0
150000,5.0,0.8632,0.01299,xfoil_branch,10.5,3.0
150000,5.5,0.9109,0.01333,xfoil_branch,10.5,3.0
150000,6.0,0.9553,0.01396,xfoil_branch,10.5,3.0
150000,6.5,0.9949,0.01516,xfoil_branch,10.5,3.0
150000,7.0,1.0315,0.01683,xfoil_branch,10.5,3.0
150000,7.5,1.0655,0.01879,xfoil_branch,10.5,3.0
150000,8.0,1.0995,0.02098,xfoil_branch,10.5,3.0
150000,8.5,1.1323,0.02366,xfoil_branch,10.5,3.0
150000,9.0,1.1637,0.02682,xfoil_branch,10.5,3.0
150000,9.5,1.1983,0.02879,xfoil_branch,10.5,3.0
150000,10.0,1.2276,0.0339,xfoil_branch,10.5,3.0
150000,10.5,1.2464,0.035429999999999996,xfoil_branch,10.5,3.0
150000,11.0,1.2455596083617457,0.03675820575827569,hermite_blend_3deg,10.5,3.0
150000,11.5,1.2216777448510323,0.04029230743281726,hermite_blend_3deg,10.5,3.0
150000,12.0,1.1833633765739306,0.04535653162319647,hermite_blend_3deg,10.5,3.0
150000,12.5,1.1392254706365124,0.051275104928985085,hermite_blend_3deg,10.5,3.0
150000,13.0,1.0978729941448504,0.05737225394975485,hermite_blend_3deg,10.5,3.0
150000,13.5,1.067914914205015,0.06297220528507753,viterna,10.5,3.0
150000,14.0,1.0475548499008978,0.06818584884067846,viterna,10.5,3.0
150000,14.5,1.0291069933371852,0.07357352488763008,viterna,10.5,3.0
150000,15.0,1.012368420450538,0.07913359598626113,viterna,10.5,3.0
150000,15.5,0.997162048843321,0.08486437231064545,viterna,10.5,3.0
150000,16.0,0.9833326054272551,0.09076411216304746,viterna,10.5,3.0
150000,16.5,0.9707433273777848,0.0968310225041596,viterna,10.5,3.0
150000,17.0,0.959273245421292,0.10306325949896865,viterna,10.5,3.0
150000,17.5,0.9488149329864457,0.10945892907808559,viterna,10.5,3.0
150000,18.0,0.9392726306328614,0.11601608751436783,viterna,10.5,3.0
150000,18.5,0.9305606747565276,0.12273274201465786,viterna,10.5,3.0
150000,19.0,0.9226021745188868,0.1296068513264585,viterna,10.5,3.0
150000,19.5,0.9153278924444848,0.13663632635935982,viterna,10.5,3.0
150000,20.0,0.908675293043069,0.14381903082102873,viterna,10.5,3.0
150000,20.5,0.9025877307669207,0.15115278186756684,viterna,10.5,3.0
150000,21.0,0.8970137540787759,0.15863535076803925,viterna,10.5,3.0
150000,21.5,0.8919065067265097,0.16626446358297145,viterna,10.5,3.0
150000,22.0,0.8872232107577767,0.17403780185660797,viterna,10.5,3.0
150000,22.5,0.8829247185574178,0.18195300332272205,viterna,10.5,3.0
150000,23.0,0.8789751234020915,0.19000766262376015,viterna,10.5,3.0
150000,23.5,0.8753414198147251,0.1981993320431043,viterna,10.5,3.0
150000,24.0,0.8719932064542552,0.20652552225022788,viterna,10.5,3.0
150000,24.5,0.8689024254621316,0.2149837030585179,viterna,10.5,3.0
150000,25.0,0.8660431331595982,0.22357130419553356,viterna,10.5,3.0
150000,25.5,0.8633912977906713,0.23228571608546605,viterna,10.5,3.0
150000,26.0,0.8609246206680224,0.24112429064356194,viterna,10.5,3.0
150000,26.5,0.8586223776288129,0.25008434208226665,viterna,10.5,3.0
150000,27.0,0.8564652781657001,0.25916314772884536,viterna,10.5,3.0
150000,27.5,0.8544353399814675,0.2683579488542278,viterna,10.5,3.0
150000,28.0,0.8525157770373464,0.27766595151283063,viterna,10.5,3.0
150000,28.5,0.8506908994359437,0.28708432739309475,viterna,10.5,3.0
150000,29.0,0.8489460237085137,0.2966102146784848,viterna,10.5,3.0
150000,29.5,0.8472673922702201,0.306240718918684,viterna,10.5,3.0
150000,30.0,0.8456421009718625,0.3159729139107212,viterna,10.5,3.0
150000,30.5,0.8440580338170567,0.32580384258976247,viterna,10.5,3.0
150000,31.0,0.8425038040339663,0.335730517929293,viterna,10.5,3.0
150000,31.5,0.8409687007936404,0.34574992385041786,viterna,10.5,3.0
150000,32.0,0.8394426409554905,0.3558590161400044,viterna,10.5,3.0
150000,32.5,0.8379161252966705,0.3660547233773851,viterna,10.5,3.0
150000,33.0,0.8363801987479502,0.37633394786933944,viterna,10.5,3.0
150000,33.5,0.8348264142156727,0.3866935665930717,viterna,10.5,3.0
150000,34.0,0.8332467996188291,0.3971304321468945,viterna,10.5,3.0
150000,34.5,0.8316338278132875,0.40764137370832937,viterna,10.5,3.0
150000,35.0,0.829980389112681,0.4182231979993364,viterna,10.5,3.0
150000,35.5,0.8282797661481883,0.42887269025837216,viterna,10.5,3.0
150000,36.0,0.8265256108380671,0.4395866152189846,viterna,10.5,3.0
150000,36.5,0.8247119232629084,0.45036171809464787,viterna,10.5,3.0
150000,37.0,0.8228330322646311,0.46119472556953167,viterna,10.5,3.0
150000,37.5,0.820883577606637,0.4720823467949091,viterna,10.5,3.0
150000,38.0,0.8188584935496626,0.48302127439089626,viterna,10.5,3.0
150000,38.5,0.8167529937129655,0.4940081854532197,viterna,10.5,3.0
150000,39.0,0.8145625571038553,0.5050397425647039,viterna,10.5,3.0
150000,39.5,0.8122829152104213,0.5161125948111747,viterna,10.5,3.0
150000,40.0,0.8099100400628201,0.5272233788014605,viterna,10.5,3.0
150000,40.5,0.8074401331778357,0.5383687196911935,viterna,10.5,3.0
150000,41.0,0.8048696153097412,0.5495452322100853,viterna,10.5,3.0
150000,41.5,0.8021951169379095,0.5607495216923757,viterna,10.5,3.0
150000,42.0,0.7994134694282486,0.5719781851101325,viterna,10.5,3.0
150000,42.5,0.7965216968114556,0.5832278121090934,viterna,10.5,3.0
150000,43.0,0.793517008126391,0.5944949860467299,viterna,10.5,3.0
150000,43.5,0.7903967902816316,0.6057762850322215,viterna,10.5,3.0
150000,44.0,0.787158601392525,0.6170682829680192,viterna,10.5,3.0
150000,44.5,0.7838001645549174,0.6283675505926842,viterna,10.5,3.0
150000,45.0,0.7803193620201705,0.6396706565246829,viterna,10.5,3.0
150000,45.5,0.776714229739208,0.6509741683068208,viterna,10.5,3.0
150000,46.0,0.7729829522461378,0.6622746534509956,viterna,10.5,3.0
150000,46.5,0.7691238578545312,0.6735686804829556,viterna,10.5,3.0
150000,47.0,0.7651354141417482,0.6848528199867381,viterna,10.5,3.0
150000,47.5,0.761016223698763,0.6961236456484781,viterna,10.5,3.0
150000,48.0,0.7567650201248408,0.7073777352992612,viterna,10.5,3.0
150000,48.5,0.7523806642481216,0.7186116719567112,viterna,10.5,3.0
150000,49.0,0.7478621405547192,0.7298220448649886,viterna,10.5,3.0
150000,49.5,0.743208553810365,0.7410054505328844,viterna,10.5,3.0
150000,50.0,0.7384191258599019,0.752158493769698,viterna,10.5,3.0
150000,50.5,0.7334931925911141,0.7632777887185784,viterna,10.5,3.0
150000,51.0,0.7284302010504468,0.7743599598870143,viterna,10.5,3.0
150000,51.5,0.7232297066991403,0.7854016431741633,viterna,10.5,3.0
150000,52.0,0.7178913707992065,0.7963994868947024,viterna,10.5,3.0
150000,52.5,0.7124149579194804,0.8073501527988927,viterna,10.5,3.0
150000,53.0,0.7068003335527347,0.818250317088543,viterna,10.5,3.0
150000,53.5,0.7010474618355292,0.8290966714285662,viterna,10.5,3.0
150000,54.0,0.6951564033630913,0.8398859239538207,viterna,10.5,3.0
150000,54.5,0.6891273130921081,0.8506148002709248,viterna,10.5,3.0
150000,55.0,0.6829604383248334,0.861280044454749,viterna,10.5,3.0
150000,55.5,0.676656116768406,0.871878420039272,viterna,10.5,3.0
150000,56.0,0.670214774663721,0.8824067110025046,viterna,10.5,3.0
150000,56.5,0.663636924978614,0.8928617227451824,viterna,10.5,3.0
150000,57.0,0.6569231656604927,0.9032402830629253,viterna,10.5,3.0
150000,57.5,0.65007417794391,0.9135392431115694,viterna,10.5,3.0
150000,58.0,0.6430907247088895,0.9237554783653806,viterna,10.5,3.0
150000,58.5,0.6359736488861263,0.9338858895678502,viterna,10.5,3.0
150000,59.0,0.6287238719054453,0.9439274036747931,viterna,10.5,3.0
150000,59.5,0.6213423921841815,0.9538769747894521,viterna,10.5,3.0
150000,60.0,0.6138302836523581,0.963731585089331,viterna,10.5,3.0
150000,60.5,0.606188694311783,0.9734882457444678,viterna,10.5,3.0
150000,61.0,0.5984188448263718,0.9831439978268729,viterna,10.5,3.0
150000,61.5,0.5905220271412054,0.9926959132108554,viterna,10.5,3.0
150000,62.0,0.582499603128005,1.002141095463957,viterna,10.5,3.0
150000,62.5,0.574353003254868,1.0114766807282336,viterna,10.5,3.0
150000,63.0,0.5660837252782692,1.0206998385916042,viterna,10.5,3.0
150000,63.5,0.5576933329554632,1.0298077729490096,viterna,10.5,3.0
150000,64.0,0.5491834547755708,1.0387977228531153,viterna,10.5,3.0
150000,64.5,0.5405557827077401,1.0476669633543032,viterna,10.5,3.0
150000,65.0,0.5318120709649017,1.0564128063296885,viterna,10.5,3.0
150000,65.5,0.5229541347817419,1.0650326013009184,viterna,10.5,3.0
150000,66.0,0.5139838492056089,1.073523736240499,viterna,10.5,3.0
150000,66.5,0.5049031478991806,1.081883638366405,viterna,10.5,3.0
150000,67.0,0.4957140219537895,1.0901097749247304,viterna,10.5,3.0
150000,67.5,0.4864185187124015,1.0981996539601422,viterna,10.5,3.0
150000,68.0,0.4770187406013076,1.1061508250739034,viterna,10.5,3.0
150000,68.5,0.4675168439696731,1.1139608801692324,viterna,10.5,3.0
150000,69.0,0.4579150379361448,1.1216274541837745,viterna,10.5,3.0
150000,69.5,0.44821558324179306,1.129148225808959,viterna,10.5,3.0
150000,70.0,0.4384207911087157,1.1365209181960254,viterna,10.5,3.0
150000,70.5,0.4285330221036893,1.1437432996485062,viterna,10.5,3.0
150000,71.0,0.4185546850063152,1.1508131843009448,viterna,10.5,3.0
150000,71.5,0.40848823568114184,1.1577284327836606,viterna,10.5,3.0
150000,72.0,0.3983361759533099,1.1644869528733357,viterna,10.5,3.0
150000,72.5,0.38810105248729365,1.1710867001292466,viterna,10.5,3.0
150000,73.0,0.37778545566837174,1.1775256785149322,viterna,10.5,3.0
150000,73.5,0.3673920184864815,1.1838019410051164,viterna,10.5,3.0
150000,74.0,0.35692341542216605,1.1899135901776987,viterna,10.5,3.0
150000,74.5,0.3463823613343462,1.1958587787906299,viterna,10.5,3.0
150000,75.0,0.33577161034968606,1.201635710343504,viterna,10.5,3.0
150000,75.5,0.3250939547533584,1.207242639623686,viterna,10.5,3.0
150000,76.0,0.31435222388103434,1.2126778732368177,viterna,10.5,3.0
150000,76.5,0.3035492830119652,1.2179397701215349,viterna,10.5,3.0
150000,77.0,0.2926880322630341,1.2230267420482426,viterna,10.5,3.0
150000,77.5,0.28177140548369856,1.2279372541017917,viterna,10.5,3.0
150000,78.0,0.2708023691517521,1.2326698251479176,viterna,10.5,3.0
150000,78.5,0.259783921269871,1.23722302828329,viterna,10.5,3.0
150000,79.0,0.24871909026292432,1.2415954912690443,viterna,10.5,3.0
150000,79.5,0.23761093387604817,1.245785896947659,viterna,10.5,3.0
150000,80.0,0.22646253807351163,1.24979298364305,viterna,10.5,3.0
150000,80.5,0.21527701593840756,1.2536155455437683,viterna,10.5,3.0
150000,81.0,0.2040575065732367,1.257252433069174,viterna,10.5,3.0
150000,81.5,0.19280717400145184,1.260702553218482,viterna,10.5,3.0
150000,82.0,0.18152920607006437,1.263964869902572,viterna,10.5,3.0
150000,82.5,0.1702268133534131,1.2670384042584593,viterna,10.5,3.0
150000,83.0,0.15890322805822638,1.269922234946335,viterna,10.5,3.0
150000,83.5,0.14756170293011278,1.2726154984290794,viterna,10.5,3.0
150000,84.0,0.13620551016163,1.2751173892341703,viterna,10.5,3.0
150000,84.5,0.1248379403021045,1.2774271601979001,viterna,10.5,3.0
150000,85.0,0.11346230116937167,1.279544122691833,viterna,10.5,3.0
150000,85.5,0.10208191676363629,1.2814676468314272,viterna,10.5,3.0
150000,86.0,0.09070012618364737,1.2831971616667666,viterna,10.5,3.0
150000,86.5,0.0793202825454103,1.2847321553553372,viterna,10.5,3.0
150000,87.0,0.06794575190365347,1.286072175316796,viterna,10.5,3.0
150000,87.5,0.056579912176292324,1.2872168283696925,viterna,10.5,3.0
150000,88.0,0.04522615207213539,1.2881657808500897,viterna,10.5,3.0
150000,88.5,0.03388787002208588,1.2889187587120616,viterna,10.5,3.0
150000,89.0,0.02256847311411342,1.2894755476100261,viterna,10.5,3.0
150000,89.5,0.011271376032263499,1.2898359929628913,viterna,10.5,3.0
150000,90.0,7.898971854500428e-17,1.29,viterna,10.5,3.0
200000,-3.5,-0.0706,0.01242,xfoil_branch,11.0,3.0
200000,-3.0,-0.004,0.01162,xfoil_branch,11.0,3.0
200000,-2.5,0.0576,0.01084,xfoil_branch,11.0,3.0
200000,-2.0,0.1096,0.01028,xfoil_branch,11.0,3.0
200000,-1.5,0.1613,0.00976,xfoil_branch,11.0,3.0
200000,-1.0,0.2038,0.00944,xfoil_branch,11.0,3.0
200000,-0.5,0.2914,0.00926,xfoil_branch,11.0,3.0
200000,0.0,0.3512,0.00932,xfoil_branch,11.0,3.0
200000,0.5,0.40222507586049244,0.009460336813827361,xfoil_branch,11.0,3.0
200000,1.0,0.4515,0.00966,xfoil_branch,11.0,3.0
200000,1.5,0.5043,0.0099,xfoil_branch,11.0,3.0
200000,2.0,0.5554,0.01002,xfoil_branch,11.0,3.0
200000,2.5,0.6086,0.01026,xfoil_branch,11.0,3.0
200000,3.0,0.6601,0.01037,xfoil_branch,11.0,3.0
200000,3.5,0.713,0.01063,xfoil_branch,11.0,3.0
200000,4.0,0.7644,0.01073,xfoil_branch,11.0,3.0
200000,4.5,0.8155,0.01096,xfoil_branch,11.0,3.0
200000,5.0,0.8652,0.01127,xfoil_branch,11.0,3.0
200000,5.5,0.9124,0.01178,xfoil_branch,11.0,3.0
200000,6.0,0.9559,0.01268,xfoil_branch,11.0,3.0
200000,6.5,0.997,0.01393,xfoil_branch,11.0,3.0
200000,7.0,1.0352,0.01551,xfoil_branch,11.0,3.0
200000,7.5,1.0743,0.01707,xfoil_branch,11.0,3.0
200000,8.0,1.1063,0.01938,xfoil_branch,11.0,3.0
200000,8.5,1.142,0.02124,xfoil_branch,11.0,3.0
200000,9.0,1.1772,0.02316,xfoil_branch,11.0,3.0
200000,9.5,1.2031,0.02685,xfoil_branch,11.0,3.0
200000,10.0,1.2331,0.02821,xfoil_branch,11.0,3.0
200000,10.5,1.252478671512853,0.03073215285961191,xfoil_branch,11.0,3.0
200000,11.0,1.2641999999999998,0.03452000000000001,xfoil_branch,11.0,3.0
200000,11.5,1.258392748493724,0.03892839574209975,hermite_blend_3deg,11.0,3.0
200000,12.0,1.2338751513389217,0.043461890031039556,hermite_blend_3deg,11.0,3.0
200000,12.5,1.1977534445816302,0.048137943460780395,hermite_blend_3deg,11.0,3.0
200000,13.0,1.157133864267887,0.052974016625283185,hermite_blend_3deg,11.0,3.0
200000,13.5,1.1191226464437296,0.057987570118508844,hermite_blend_3deg,11.0,3.0
200000,14.0,1.0908260271551948,0.06319606453441831,viterna,11.0,3.0
200000,14.5,1.0707315088146288,0.06859478719840792,viterna,11.0,3.0
200000,15.0,1.0524511212005616,0.07416628406422798,viterna,11.0,3.0
200000,15.5,1.0357976664881332,0.07990886443583589,viterna,11.0,3.0
200000,16.0,1.0206070215866174,0.0858207857165722,viterna,11.0,3.0
200000,16.5,1.006734647360513,0.09190025393946642,viterna,11.0,3.0
200000,17.0,0.9940527140186981,0.09814542431317397,viterna,11.0,3.0
200000,17.5,0.9824477194359016,0.10455440178337899,viterna,11.0,3.0
200000,18.0,0.9718185045563992,0.11112524160949144,viterna,11.0,3.0
200000,18.5,0.9620745907541466,0.11785594995646304,viterna,11.0,3.0
200000,19.0,0.9531347798394517,0.12474448450154173,viterna,11.0,3.0
200000,19.5,0.9449259695683785,0.13178875505578025,viterna,11.0,3.0
200000,20.0,0.9373821469397856,0.13898662420010927,viterna,11.0,3.0
200000,20.5,0.9304435289239006,0.14633590793578105,viterna,11.0,3.0
200000,21.0,0.924055826048401,0.15383437634898636,viterna,11.0,3.0
200000,21.5,0.9181696088398406,0.1614797542894412,viterna,11.0,3.0
200000,22.0,0.9127397607549795,0.1692697220627378,viterna,11.0,3.0
200000,22.5,0.9077250041459464,0.17720191613624864,viterna,11.0,3.0
200000,23.0,0.9030874881433113,0.18527392985836733,viterna,11.0,3.0
200000,23.5,0.8987924292331818,0.19348331419086956,viterna,11.0,3.0
200000,24.0,0.8948077968417206,0.2018275784541695,viterna,11.0,3.0
200000,24.5,0.8911040374953978,0.21030419108524473,viterna,11.0,3.0
200000,25.0,0.887653832154335,0.21891058040799982,viterna,11.0,3.0
200000,25.5,0.8844318821635423,0.22764413541583292,viterna,11.0,3.0
200000,26.0,0.8814147199676152,0.23650220656616802,viterna,11.0,3.0
200000,26.5,0.8785805413162391,0.24548210658670958,viterna,11.0,3.0
200000,27.0,0.8759090561726537,0.25458111129317634,viterna,11.0,3.0
200000,27.5,0.8733813559427173,0.26379646041826155,viterna,11.0,3.0
200000,28.0,0.8709797949825177,0.27312535845157204,viterna,11.0,3.0
200000,28.5,0.8686878846290611,0.28256497549028503,viterna,11.0,3.0
200000,29.0,0.8664901982406852,0.2921124481002688,viterna,11.0,3.0
200000,29.5,0.8643722859390172,0.3017648801874004,viterna,11.0,3.0
200000,30.0,0.8623205979187073,0.3115193438788183,viterna,11.0,3.0
200000,30.5,0.8603224153398393,0.32137288041384093,viterna,11.0,3.0
200000,31.0,0.8583657879450133,0.3313225010442777,viterna,11.0,3.0
200000,31.5,0.8564394776520297,0.3413651879438609,viterna,11.0,3.0
200000,32.0,0.8545329074667264,0.35149789512652124,viterna,11.0,3.0
200000,32.5,0.8526361151411771,0.3617175493732257,viterna,11.0,3.0
200000,33.0,0.8507397110721124,0.3720210511670963,viterna,11.0,3.0
200000,33.5,0.8488348399947351,0.3824052756365267,viterna,11.0,3.0
200000,34.0,0.846913146079417,0.39286707350600675,viterna,11.0,3.0
200000,34.5,0.8449667410842676,0.40340327205436577,viterna,11.0,3.0
200000,35.0,0.8429881752562075,0.41401067608014624,viterna,11.0,3.0
200000,35.5,0.8409704107078103,0.4246860688738091,viterna,11.0,3.0
200000,36.0,0.8389067970274675,0.4354262131964763,viterna,11.0,3.0
200000,36.5,0.8367910489069957,0.44622785226491585,viterna,11.0,3.0
200000,37.0,0.8346172255941373,0.45708771074246385,viterna,11.0,3.0
200000,37.5,0.8323797119979371,0.4680024957355855,viterna,11.0,3.0
200000,38.0,0.8300732012930818,0.47896889779577084,viterna,11.0,3.0
200000,38.5,0.8276926788852738,0.48998359192645957,viterna,11.0,3.0
200000,39.0,0.825233407613855,0.501043238594688,viterna,11.0,3.0
200000,39.5,0.8226909140804293,0.5121444847471534,viterna,11.0,3.0
200000,40.0,0.8200609760033524,0.5232839648303784,viterna,11.0,3.0
200000,40.5,0.8173396105078498,0.5344583018146766,viterna,11.0,3.0
200000,41.0,0.8145230632703235,0.5456641082215947,viterna,11.0,3.0
200000,41.5,0.8116077984432586,0.5568979871545293,viterna,11.0,3.0
200000,42.0,0.8085904892941496,0.5681565333321974,viterna,11.0,3.0
200000,42.5,0.8054680094981332,0.5794363341246485,viterna,11.0,3.0
200000,43.0,0.802237425029629,0.590733970591503,viterna,11.0,3.0
200000,43.5,0.798895986603316,0.6020460185221009,viterna,11.0,3.0
200000,44.0,0.7954411226192968,0.613369049477242,viterna,11.0,3.0
200000,44.5,0.7918704325713609,0.624699631832203,viterna,11.0,3.0
200000,45.0,0.7881816808809124,0.636034331820712,viterna,11.0,3.0
200000,45.5,0.7843727911224261,0.647369714579565,viterna,11.0,3.0
200000,46.0,0.7804418406092674,0.6587023451935617,viterna,11.0,3.0
200000,46.5,0.7763870553113972,0.6700287897404481,viterna,11.0,3.0
200000,47.0,0.7722068050789156,0.6813456163355421,viterna,11.0,3.0
200000,47.5,0.7678995991475908,0.6926493961757304,viterna,11.0,3.0
200000,48.0,0.763464081904525,0.7039367045825103,viterna,11.0,3.0
200000,48.5,0.7588990288939065,0.7152041220437687,viterna,11.0,3.0
200000,49.0,0.754203343044451,0.7264482352539732,viterna,11.0,3.0
200000,49.5,0.7493760511016256,0.7376656381524601,viterna,11.0,3.0
200000,50.0,0.7444163002491085,0.7488529329595084,viterna,11.0,3.0
200000,50.5,0.7393233549051822,0.760006731209877,viterna,11.0,3.0
200000,51.0,0.7340965936808865,0.7711236547834951,viterna,11.0,3.0
200000,51.5,0.7287355064877902,0.7822003369329894,viterna,11.0,3.0
200000,52.0,0.723239691784185,0.7932334233077387,viterna,11.0,3.0
200000,52.5,0.7176088539493709,0.8042195729741392,viterna,11.0,3.0
200000,53.0,0.7118428007764871,0.8151554594317738,viterna,11.0,3.0
200000,53.5,0.7059414410750756,0.8260377716251742,viterna,11.0,3.0
200000,54.0,0.6999047823752211,0.8368632149508688,viterna,11.0,3.0
200000,54.5,0.6937329287257271,0.8476285122594066,viterna,11.0,3.0
200000,55.0,0.6874260785793455,0.8583304048520585,viterna,11.0,3.0
200000,55.5,0.6809845227585938,0.8689656534718848,viterna,11.0,3.0
200000,56.0,0.6744086424961696,0.8795310392888721,viterna,11.0,3.0
200000,56.5,0.6676989075444082,0.8900233648788393,viterna,11.0,3.0
200000,57.0,0.6608558743486312,0.900439455195812,viterna,11.0,3.0
200000,57.5,0.6538801842796118,0.9107761585375721,viterna,11.0,3.0
200000,58.0,0.6467725619207146,0.9210303475040873,viterna,11.0,3.0
200000,58.5,0.6395338134056028,0.9311989199485267,viterna,11.0,3.0
200000,59.0,0.6321648248026771,0.9412787999205788,viterna,11.0,3.0
200000,59.5,0.6246665605427061,0.9512669386017776,viterna,11.0,3.0
200000,60.0,0.6170400618863379,0.961160315232557,viterna,11.0,3.0
200000,60.5,0.6092864454284357,0.9709559380307491,viterna,11.0,3.0
200000,61.0,0.6014069016363804,0.980650845101246,viterna,11.0,3.0
200000,61.5,0.5934026934196948,0.990242105336553,viterna,11.0,3.0
200000,62.0,0.5852751547285273,0.9997268193079489,viterna,11.0,3.0
200000,62.5,0.577025689178706,1.0091021201469967,viterna,11.0,3.0
200000,63.0,0.5686557687012386,1.01836517441712,viterna,11.0,3.0
200000,63.5,0.5601669322142773,1.0275131829749942,viterna,11.0,3.0
200000,64.0,0.5515607843157216,1.036543381821479,viterna,11.0,3.0
200000,64.5,0.5428389939947437,1.0454530429418436,viterna,11.0,3.0
200000,65.0,0.5340032933606613,1.0542394751350164,viterna,11.0,3.0
200000,65.5,0.5250554763876877,1.0629000248316187,viterna,11.0,3.0
200000,66.0,0.5159973976741906,1.0714320769005263,viterna,11.0,3.0
200000,66.5,0.5068309712152068,1.0798330554437168,viterna,11.0,3.0
200000,67.0,0.4975581691870329,1.0881004245791548,viterna,11.0,3.0
200000,67.5,0.4881810207428171,1.0962316892114878,viterna,11.0,3.0
200000,68.0,0.4787016108181464,1.104224395790305,viterna,11.0,3.0
200000,68.5,0.4691220789457078,1.1120761330557387,viterna,11.0,3.0
200000,69.0,0.45944461807816855,1.119784532771175,viterna,11.0,3.0
200000,69.5,0.4496714734184932,1.1273472704428544,viterna,11.0,3.0
200000,70.0,0.43980494125697517,1.1347620660261397,viterna,11.0,3.0
200000,70.5,0.42984736781431765,1.1420266846182419,viterna,11.0,3.0
200000,71.0,0.4198011480901643,1.1491389371371823,viterna,11.0,3.0
200000,71.5,0.40966872471651905,1.1560966809868038,viterna,11.0,3.0
200000,72.0,0.3994525868155599,1.1628978207076013,viterna,11.0,3.0
200000,72.5,0.3891552688613806,1.1695403086132017,viterna,11.0,3.0
200000,73.0,0.37877934954525777,1.176022145412278,viterna,11.0,3.0
200000,73.5,0.368327450644063,1.1823413808157195,viterna,11.0,3.0
200000,74.0,0.35780223589149673,1.1884961141288723,viterna,11.0,3.0
200000,74.5,0.34720640985184487,1.1944844948286633,viterna,11.0,3.0
200000,75.0,0.33654271679599934,1.2003047231254418,viterna,11.0,3.0
200000,75.5,0.3258139395795203,1.2059550505093577,viterna,11.0,3.0
200000,76.0,0.3150228985225398,1.2114337802811197,viterna,11.0,3.0
200000,76.5,0.30417245029135026,1.2167392680669624,viterna,11.0,3.0
200000,77.0,0.2932654867815333,1.2218699223176748,viterna,11.0,3.0
200000,77.5,0.28230493400252765,1.22682420479153,viterna,11.0,3.0
200000,78.0,0.27129375096354513,1.2316006310209762,viterna,11.0,3.0
200000,78.5,0.2602349285607817,1.2361977707629415,viterna,11.0,3.0
200000,79.0,0.24913148846588343,1.2406142484326184,viterna,11.0,3.0
200000,79.5,0.23798648201565242,1.2448487435205962,viterna,11.0,3.0
200000,80.0,0.22680298910300373,1.2488999909932124,viterna,11.0,3.0
200000,80.5,0.21558411706919237,1.2527667816760037,viterna,11.0,3.0
200000,81.0,0.2043329995973646,1.2564479626201368,viterna,11.0,3.0
200000,81.5,0.19305279560748786,1.2599424374517116,viterna,11.0,3.0
200000,82.0,0.18174668815274922,1.2632491667038273,viterna,11.0,3.0
200000,82.5,0.1704178833175113,1.2663671681313093,viterna,11.0,3.0
200000,83.0,0.15906960911694584,1.26929551700801,viterna,11.0,3.0
200000,83.5,0.14770511439847145,1.2720333464065767,viterna,11.0,3.0
200000,84.0,0.13632766774513483,1.2745798474606203,viterna,11.0,3.0
200000,84.5,0.12494055638110091,1.27693426960919,viterna,11.0,3.0
200000,85.0,0.11354708507941354,1.2790959208234893,viterna,11.0,3.0
200000,85.5,0.10215057507221963,1.2810641678157577,viterna,11.0,3.0
200000,86.0,0.09075436296364438,1.2828384362302603,viterna,11.0,3.0
200000,86.5,0.07936179964553512,1.2844182108163251,viterna,11.0,3.0
200000,87.0,0.06797624921628542,1.2858030355833703,viterna,11.0,3.0
200000,87.5,0.05660108790297819,1.2869925139378855,viterna,11.0,3.0
200000,88.0,0.045239702987088036,1.2879863088023142,viterna,11.0,3.0
200000,88.5,0.033895491733993394,1.2887841427158089,viterna,11.0,3.0
200000,89.0,0.022571860326569656,1.2893857979168255,viterna,11.0,3.0
200000,89.5,0.011272222803128978,1.2897911164075293,viterna,11.0,3.0
200000,90.0,7.898971854500428e-17,1.29,viterna,11.0,3.0
300000,-3.5,-0.0486,0.01001,xfoil_branch,11.5,3.0
300000,-3.0,0.0059,0.00948,xfoil_branch,11.5,3.0
300000,-2.5,0.0604,0.00906,xfoil_branch,11.5,3.0
300000,-2.0,0.1123,0.00864,xfoil_branch,11.5,3.0
300000,-1.5,0.1638,0.00821,xfoil_branch,11.5,3.0
300000,-1.0,0.2124,0.0078,xfoil_branch,11.5,3.0
300000,-0.5,0.2586,0.00761,xfoil_branch,11.5,3.0
300000,0.0,0.3359,0.00744,xfoil_branch,11.5,3.0
300000,0.5,0.3989,0.0076,xfoil_branch,11.5,3.0
300000,1.0,0.45,0.00769,xfoil_branch,11.5,3.0
300000,1.5,0.5021,0.00787,xfoil_branch,11.5,3.0
300000,2.0,0.555,0.00803,xfoil_branch,11.5,3.0
300000,2.5,0.6077,0.00821,xfoil_branch,11.5,3.0
300000,3.0,0.661,0.00841,xfoil_branch,11.5,3.0
300000,3.5,0.7132,0.00866,xfoil_branch,11.5,3.0
300000,4.0,0.7658,0.00885,xfoil_branch,11.5,3.0
300000,4.5,0.8171,0.00918,xfoil_branch,11.5,3.0
300000,5.0,0.8664,0.00965,xfoil_branch,11.5,3.0
300000,5.5,0.9123,0.01045,xfoil_branch,11.5,3.0
300000,6.0,0.9572,0.01145,xfoil_branch,11.5,3.0
300000,6.5,1.0013,0.01259,xfoil_branch,11.5,3.0
300000,7.0,1.0433,0.01393,xfoil_branch,11.5,3.0
300000,7.5,1.0856,0.01525,xfoil_branch,11.5,3.0
300000,8.0,1.1243,0.01689,xfoil_branch,11.5,3.0
300000,8.5,1.1637,0.01836,xfoil_branch,11.5,3.0
300000,9.0,1.1955,0.02051,xfoil_branch,11.5,3.0
300000,9.5,1.2323,0.02189,xfoil_branch,11.5,3.0
300000,10.0,1.2577,0.02407,xfoil_branch,11.5,3.0
300000,10.5,1.2811,0.02589,xfoil_branch,11.5,3.0
300000,11.0,1.2917,0.02911,xfoil_branch,11.5,3.0
300000,11.5,1.3057999999999998,0.03204,xfoil_branch,11.5,3.0
300000,12.0,1.3068978951172256,0.035419473289659845,hermite_blend_3deg,11.5,3.0
300000,12.5,1.2843118805361884,0.039803805293253516,hermite_blend_3deg,11.5,3.0
300000,13.0,1.2467724063578172,0.04491686421270224,hermite_blend_3deg,11.5,3.0
300000,13.5,1.2030099226830397,0.05048251824992722,hermite_blend_3deg,11.5,3.0
300000,14.0,1.1617548796127846,0.05622463560684968,hermite_blend_3deg,11.5,3.0
300000,14.5,1.1317377272479805,0.06186708448539084,viterna,11.5,3.0
300000,15.0,1.1111976067585667,0.06745402084003599,viterna,11.5,3.0
300000,15.5,1.0924232608598956,0.0732125518653011,viterna,11.5,3.0
300000,16.0,1.0752375956151847,0.07914093374982267,viterna,11.5,3.0
300000,16.5,1.059484674679409,0.08523737127309151,viterna,11.5,3.0
300000,17.0,1.0450266132680253,0.09150001835148514,viterna,11.5,3.0
300000,17.5,1.0317410047299889,0.09792697859976895,viterna,11.5,3.0
300000,18.0,1.019518776160993,0.10451630590789475,viterna,11.5,3.0
300000,18.5,1.008262391885018,0.11126600503292089,viterna,11.5,3.0
300000,19.0,0.9978843407210696,0.11817403220587407,viterna,11.5,3.0
300000,19.5,0.9883058560971705,0.12523829575336792,viterna,11.5,3.0
300000,20.0,0.9794558282612278,0.13245665673378929,viterna,11.5,3.0
300000,20.5,0.971269875789631,0.1398269295878578,viterna,11.5,3.0
300000,21.0,0.9636895498418555,0.14734688280336156,viterna,11.5,3.0
300000,21.5,0.956661649549156,0.15501423959386568,viterna,11.5,3.0
300000,22.0,0.9501376308548359,0.1628266785911879,viterna,11.5,3.0
300000,22.5,0.9440730942670955,0.17078183455142998,viterna,11.5,3.0
300000,23.0,0.9384273395139451,0.17887729907434893,viterna,11.5,3.0
300000,23.5,0.9331629771339791,0.1871106213358512,viterna,11.5,3.0
300000,24.0,0.928245588697806,0.19547930883338496,viterna,11.5,3.0
300000,24.5,0.9236434287108449,0.20398082814400398,viterna,11.5,3.0
300000,25.0,0.9193271623600585,0.21261260569487275,viterna,11.5,3.0
300000,25.5,0.915269634182838,0.2213720285459775,viterna,11.5,3.0
300000,26.0,0.9114456634934184,0.23025644518480584,viterna,11.5,3.0
300000,26.5,0.907831863030807,0.2392631663327513,viterna,11.5,3.0
300000,27.0,0.9044064778160268,0.2483894657629999,viterna,11.5,3.0
300000,27.5,0.901149241644597,0.257632581129646,viterna,11.5,3.0
300000,28.0,0.8980412490078709,0.2669897148077896,viterna,11.5,3.0
300000,28.5,0.895064840546496,0.2764580347443543,viterna,11.5,3.0
300000,29.0,0.8922035004008628,0.2860346753193716,viterna,11.5,3.0
300000,29.5,0.8894417640450956,0.295716738217465,viterna,11.5,3.0
300000,30.0,0.8867651353795838,0.3055012933092721,viterna,11.5,3.0
300000,30.5,0.8841600120176899,0.3153853795425346,viterna,11.5,3.0
300000,31.0,0.8816136178395867,0.3253660058425841,viterna,11.5,3.0
300000,31.5,0.8791139420038849,0.3354401520219512,viterna,11.5,3.0
300000,32.0,0.8766496837088624,0.34560476969882065,viterna,11.5,3.0
300000,32.5,0.8742102020822569,0.3558567832240517,viterna,11.5,3.0
300000,33.0,0.8717854706538418,0.3661930906164819,viterna,11.5,3.0
300000,33.5,0.8693660359301686,0.3766105645062318,viterna,11.5,3.0
300000,34.0,0.8669429796473846,0.38710605308571905,viterna,11.5,3.0
300000,34.5,0.8645078843271993,0.39767638106809494,viterna,11.5,3.0
300000,35.0,0.8620528018039046,0.40831835065281347,viterna,11.5,3.0
300000,35.5,0.8595702244277772,0.4190287424980344,viterna,11.5,3.0
300000,36.0,0.8570530586829066,0.4298043166995664,viterna,11.5,3.0
300000,36.5,0.8544946009862125,0.44064181377605505,viterna,11.5,3.0
300000,37.0,0.8518885154596081,0.45153795566011035,viterna,11.5,3.0
300000,37.5,0.8492288134894578,0.4624894466950756,viterna,11.5,3.0
300000,38.0,0.8465098349070391,0.47349297463713347,viterna,11.5,3.0
300000,38.5,0.8437262306409838,0.4845452116624443,viterna,11.5,3.0
300000,39.0,0.8408729467079606,0.4956428153790074,viterna,11.5,3.0
300000,39.5,0.8379452094214013,0.506782429842944,viterna,11.5,3.0
300000,40.0,0.834938511710084,0.5179606865788812,viterna,11.5,3.0
300000,40.5,0.8318486004490809,0.5291742056041402,viterna,11.5,3.0
300000,41.0,0.8286714647150784,0.5404195964564038,viterna,11.5,3.0
300000,41.5,0.8254033248865652,0.5516934592245599,viterna,11.5,3.0
300000,42.0,0.8220406225169554,0.5629923855824014,viterna,11.5,3.0
300000,42.5,0.8185800109154779,0.5743129598248709,viterna,11.5,3.0
300000,43.0,0.8150183463767404,0.5856517599065327,viterna,11.5,3.0
300000,43.5,0.811352680005299,0.5970053584819581,viterna,11.5,3.0
300000,44.0,0.8075802500864531,0.6083703239477046,viterna,11.5,3.0
300000,44.5,0.8036984749588727,0.6197432214855733,viterna,11.5,3.0
300000,45.0,0.7997049463486154,0.6311206141068274,viterna,11.5,3.0
300000,45.5,0.7955974231276448,0.6424990636970537,viterna,11.5,3.0
300000,46.0,0.7913738254631848,0.6538751320613458,viterna,11.5,3.0
300000,46.5,0.7870322293271343,0.665245381969497,viterna,11.5,3.0
300000,47.0,0.7825708613374017,0.6766063782008773,viterna,11.5,3.0
300000,47.5,0.7779880939053863,0.6879546885886846,viterna,11.5,3.0
300000,48.0,0.7732824406659955,0.6992868850632424,viterna,11.5,3.0
300000,48.5,0.7684525521685373,0.7105995446940377,viterna,11.5,3.0
300000,49.0,0.7634972118086012,0.7218892507301716,viterna,11.5,3.0
300000,49.5,0.7584153319826644,0.7331525936389103,viterna,11.5,3.0
300000,50.0,0.7532059504486193,0.744386172142023,viterna,11.5,3.0
300000,50.5,0.7478682268767651,0.7555865942495861,viterna,11.5,3.0
300000,51.0,0.7424014395770285,0.7667504782909412,viterna,11.5,3.0
300000,51.5,0.7368049823892862,0.7778744539424942,viterna,11.5,3.0
300000,52.0,0.7310783617246939,0.7889551632520401,viterna,11.5,3.0
300000,52.5,0.7252211937468475,0.7999892616593043,viterna,11.5,3.0
300000,53.0,0.7192332016824616,0.8109734190123877,viterna,11.5,3.0
300000,53.5,0.7131142132520358,0.8219043205798063,viterna,11.5,3.0
300000,54.0,0.7068641582116874,0.8327786680578194,viterna,11.5,3.0
300000,54.5,0.7004830659980008,0.8435931805727357,viterna,11.5,3.0
300000,55.0,0.6939710634683386,0.8543445956778972,viterna,11.5,3.0
300000,55.5,0.6873283727296214,0.8650296703450336,viterna,11.5,3.0
300000,56.0,0.6805553090490959,0.8756451819496849,viterna,11.5,3.0
300000,56.5,0.6736522788410804,0.886187929250397,viterna,11.5,3.0
300000,57.0,0.6666197777241152,0.8966547333613876,viterna,11.5,3.0
300000,57.5,0.6594583886433447,0.9070424387183861,viterna,11.5,3.0
300000,58.0,0.6521687800533282,0.9173479140373596,viterna,11.5,3.0
300000,58.5,0.6447517041568248,0.927568053265823,viterna,11.5,3.0
300000,59.0,0.6372079951954028,0.9376997765264546,viterna,11.5,3.0
300000,59.5,0.6295385677880343,0.9477400310527209,viterna,11.5,3.0
300000,60.0,0.6217444153140889,0.9576857921162327,viterna,11.5,3.0
300000,60.5,0.613826608337409,0.9675340639455446,viterna,11.5,3.0
300000,61.0,0.6057862930683705,0.9772818806361214,viterna,11.5,3.0
300000,61.5,0.5976246898610551,0.9869263070511957,viterna,11.5,3.0
300000,62.0,0.5893430917428635,0.9964644397132361,viterna,11.5,3.0
300000,62.5,0.5809428629740806,1.005893407685765,viterna,11.5,3.0
300000,63.0,0.5724254376350851,1.0152103734452467,viterna,11.5,3.0
300000,63.5,0.5637923182390483,1.0244125337427874,viterna,11.5,3.0
300000,64.0,0.5550450743681329,1.0334971204553824,viterna,11.5,3.0
300000,64.5,0.5461853413313251,1.0424614014264544,viterna,11.5,3.0
300000,65.0,0.537214818842182,1.0513026812954187,viterna,11.5,3.0
300000,65.5,0.5281352697148891,1.0600183023160334,viterna,11.5,3.0
300000,66.0,0.5189485185771355,1.0686056451632804,viterna,11.5,3.0
300000,66.5,0.5096564505984357,1.0770621297285297,viterna,11.5,3.0
300000,67.0,0.5002610102326055,1.085385215902748,viterna,11.5,3.0
300000,67.5,0.4907641999732163,1.0935724043475141,viterna,11.5,3.0
300000,68.0,0.4811680791209206,1.101621237253603,viterna,11.5,3.0
300000,68.5,0.47147476256163845,1.1095292990869092,viterna,11.5,3.0
300000,69.0,0.46168641955466105,1.1172942173214855,viterna,11.5,3.0
300000,69.5,0.4518052725298094,1.1249136631594676,viterna,11.5,3.0
300000,70.0,0.441833595892848,1.1323853522376726,viterna,11.5,3.0
300000,70.5,0.43177371483841653,1.139707045320651,viterna,11.5,3.0
300000,71.0,0.42162800416981305,1.1468765489799815,viterna,11.5,3.0
300000,71.5,0.41139888712500217,1.15389171625961,viterna,11.5,3.0
300000,72.0,0.4010888342082941,1.1607504473270156,viterna,11.5,3.0
300000,72.5,0.39070036202717173,1.167450690110021,viterna,11.5,3.0
300000,73.0,0.38023603213380913,1.1739904409190411,viterna,11.5,3.0
300000,73.5,0.369698449870851,1.1803677450545904,viterna,11.5,3.0
300000,74.0,0.35909026322108184,1.186580697399855,viterna,11.5,3.0
300000,74.5,0.3484141616606424,1.1926274429981576,viterna,11.5,3.0
300000,75.0,0.33767287501549015,1.1985061776151344,viterna,11.5,3.0
300000,75.5,0.32686917232084395,1.2042151482854526,viterna,11.5,3.0
300000,76.0,0.3160058606833741,1.2097526538439076,viterna,11.5,3.0
300000,76.5,0.3050857841459458,1.21511704544073,viterna,11.5,3.0
300000,77.0,0.2941118225547384,1.2203067270409562,viterna,11.5,3.0
300000,77.5,0.283086890428609,1.2253201559076976,viterna,11.5,3.0
300000,78.0,0.2720139358305778,1.2301558430691755,viterna,11.5,3.0
300000,78.5,0.26089593924135623,1.2348123537693687,viterna,11.5,3.0
300000,79.0,0.24973591243485138,1.2392883079021415,viterna,11.5,3.0
300000,79.5,0.23853689735560638,1.2435823804287203,viterna,11.5,3.0
300000,80.0,0.22730196499816605,1.2476933017783898,viterna,11.5,3.0
300000,80.5,0.21603421428836453,1.25161985823229,viterna,11.5,3.0
300000,81.0,0.2047367709665693,1.2553608922901927,viterna,11.5,3.0
300000,81.5,0.19341278647291676,1.2589153030201514,viterna,11.5,3.0
300000,82.0,0.18206543683461202,1.2622820463909148,viterna,11.5,3.0
300000,82.5,0.1706979215553652,1.2654601355870008,viterna,11.5,3.0
300000,83.0,0.15931346250706907,1.2684486413063452,viterna,11.5,3.0
300000,83.5,0.14791530282383047,1.271246692040419,viterna,11.5,3.0
300000,84.0,0.13650670579848162,1.2738534743367458,viterna,11.5,3.0
300000,84.5,0.1250909537817246,1.276268233043724,viterna,11.5,3.0
300000,85.0,0.1136713470840596,1.2784902715376951,viterna,11.5,3.0
300000,85.5,0.1022512028806795,1.2805189519321731,viterna,11.5,3.0
300000,86.0,0.09083385411950931,1.2823536952691859,viterna,11.5,3.0
300000,86.5,0.07942264843259925,1.2839939816926618,viterna,11.5,3.0
300000,87.0,0.06802094705107617,1.285439350603808,viterna,11.5,3.0
300000,87.5,0.056632123723884806,1.286689400798444,viterna,11.5,3.0
300000,88.0,0.04525956364055369,1.2877437905862326,viterna,11.5,3.0
300000,88.5,0.03390666235823087,1.2886022378917878,viterna,11.5,3.0
300000,89.0,0.022576824733256794,1.2892645203376218,viterna,11.5,3.0
300000,89.5,0.011273463857536217,1.2897304753089003,viterna,11.5,3.0
300000,90.0,7.898971854500428e-17,1.29,viterna,11.5,3.0
500000,-3.5,-0.0527,0.0084,xfoil_branch,12.5,3.0
500000,-3.0,0.001,0.00801,xfoil_branch,12.5,3.0
500000,-2.5,0.0554,0.00767,xfoil_branch,12.5,3.0
500000,-2.0,0.1094,0.00736,xfoil_branch,12.5,3.0
500000,-1.5,0.1637,0.00709,xfoil_branch,12.5,3.0
500000,-1.0,0.2165,0.00669,xfoil_branch,12.5,3.0
500000,-0.5,0.2687,0.00644,xfoil_branch,12.5,3.0
500000,0.0,0.3175,0.00612,xfoil_branch,12.5,3.0
500000,0.5,0.3755,0.0061,xfoil_branch,12.5,3.0
500000,1.0,0.4492,0.00608,xfoil_branch,12.5,3.0
500000,1.5,0.5011,0.00627,xfoil_branch,12.5,3.0
500000,2.0,0.5548,0.00641,xfoil_branch,12.5,3.0
500000,2.5,0.6081,0.0066,xfoil_branch,12.5,3.0
500000,3.0,0.6618,0.0068,xfoil_branch,12.5,3.0
500000,3.5,0.7141,0.0071,xfoil_branch,12.5,3.0
500000,4.0,0.7672,0.00737,xfoil_branch,12.5,3.0
500000,4.5,0.8176,0.00786,xfoil_branch,12.5,3.0
500000,5.0,0.8666,0.00854,xfoil_branch,12.5,3.0
500000,5.5,0.9141,0.0094,xfoil_branch,12.5,3.0
500000,6.0,0.9616,0.01031,xfoil_branch,12.5,3.0
500000,6.5,1.0077,0.01135,xfoil_branch,12.5,3.0
500000,7.0,1.0544,0.01231,xfoil_branch,12.5,3.0
500000,7.5,1.0987,0.01349,xfoil_branch,12.5,3.0
500000,8.0,1.1426,0.01465,xfoil_branch,12.5,3.0
500000,8.5,1.1855,0.01584,xfoil_branch,12.5,3.0
500000,9.0,1.2214,0.01761,xfoil_branch,12.5,3.0
500000,9.5,1.268,0.01821,xfoil_branch,12.5,3.0
500000,10.0,1.2988,0.02013,xfoil_branch,12.5,3.0
500000,10.5,1.3379,0.02114,xfoil_branch,12.5,3.0
500000,11.0,1.3483,0.02386,xfoil_branch,12.5,3.0
500000,11.5,1.3676,0.02597,xfoil_branch,12.5,3.0
500000,12.0,1.3767,0.02906,xfoil_branch,12.5,3.0
500000,12.5,1.3796,0.03303999999999999,xfoil_branch,12.5,3.0
500000,13.0,1.3697807099151633,0.03767270021382023,hermite_blend_3deg,12.5,3.0
500000,13.5,1.3443131491392482,0.042676884354625015,hermite_blend_3deg,12.5,3.0
500000,14.0,1.3091827818901451,0.0479866776714305,hermite_blend_3deg,12.5,3.0
500000,14.5,1.2703750723857457,0.053536205413252796,hermite_blend_3deg,12.5,3.0
500000,15.0,1.2338754848439413,0.059259592829108046,hermite_blend_3deg,12.5,3.0
500000,15.5,1.2056694834826227,0.06509096516801238,viterna,12.5,3.0
500000,16.0,1.1844939525167841,0.07103931120733162,viterna,12.5,3.0
500000,16.5,1.1649801030874787,0.07715632985532146,viterna,12.5,3.0
500000,17.0,1.1469699413051497,0.08344017346102706,viterna,12.5,3.0
500000,17.5,1.1303232522481452,0.08988894402501621,viterna,12.5,3.0
500000,18.0,1.1149151360090428,0.09650069377630074,viterna,12.5,3.0
500000,18.5,1.1006339434307846,0.10327342576438314,viterna,12.5,3.0
500000,19.0,1.0873795379034255,0.1102050944662484,viterna,12.5,3.0
500000,19.5,1.075061824695674,0.1172936064081162,viterna,12.5,3.0
500000,20.0,1.0635995010005241,0.12453682080176427,viterna,12.5,3.0
500000,20.5,1.0529189890099728,0.13193255019522862,viterna,12.5,3.0
500000,21.0,1.0429535215118717,0.13947856113768325,viterna,12.5,3.0
500000,21.5,1.033642355177633,0.14717257485829657,viterna,12.5,3.0
500000,22.0,1.0249300912242432,0.15501226795885786,viterna,12.5,3.0
500000,22.5,1.0167660867458335,0.16299527311996334,viterna,12.5,3.0
500000,23.0,1.009103942915191,0.1711191798205456,viterna,12.5,3.0
500000,23.5,1.0019010586044281,0.17938153507052917,viterna,12.5,3.0
500000,24.0,0.9951182398824616,0.18777984415638768,viterna,12.5,3.0
500000,24.5,0.9887193574048514,0.1963115713993763,viterna,12.5,3.0
500000,25.0,0.9826710449890276,0.2049741409262085,viterna,12.5,3.0
500000,25.5,0.976942433719987,0.21376493745194233,viterna,12.5,3.0
500000,26.0,0.9715049168014873,0.22268130707483863,viterna,12.5,3.0
500000,26.5,0.9663319410900117,0.23172055808294745,viterna,12.5,3.0
500000,27.0,0.961398821850626,0.24087996177218005,viterna,12.5,3.0
500000,27.5,0.9566825777772352,0.25015675327561326,viterna,12.5,3.0
500000,28.0,0.952161783742215,0.2595481324037789,viterna,12.5,3.0
500000,28.5,0.9478164390961669,0.26905126449567696,viterna,12.5,3.0
500000,29.0,0.9436278496391116,0.2786632812802585,viterna,12.5,3.0
500000,29.5,0.9395785216391538,0.28838128174811184,viterna,12.5,3.0
500000,30.0,0.935652066491153,0.2982023330330893,viterna,12.5,3.0
500000,30.5,0.9318331147925158,0.3081234713036063,viterna,12.5,3.0
500000,31.0,0.9281072387709903,0.3181417026633383,viterna,12.5,3.0
500000,31.5,0.924460882134579,0.32825400406104505,viterna,12.5,3.0
500000,32.0,0.9208812965299187,0.3384573242092436,viterna,12.5,3.0
500000,32.5,0.9173564838955908,0.34874858451145024,viterna,12.5,3.0
500000,33.0,0.9138751440833083,0.35912467999770864,viterna,12.5,3.0
500000,33.5,0.9104266271947856,0.36958248026812174,viterna,12.5,3.0
500000,34.0,0.907000890147047,0.3801188304440973,viterna,12.5,3.0
500000,34.5,0.9035884570354157,0.3907305521270177,viterna,12.5,3.0
500000,35.0,0.9001803829126391,0.40141444436404655,viterna,12.5,3.0
500000,35.5,0.8967682206455969,0.41216728462077123,viterna,12.5,3.0
500000,36.0,0.8933439905486367,0.42298582976038956,viterna,12.5,3.0
500000,36.5,0.8899001525255672,0.4338668170291438,viterna,12.5,3.0
500000,37.0,0.8864295804812956,0.4448069650476974,viterna,12.5,3.0
500000,37.5,0.8829255387895845,0.4558029748081562,viterna,12.5,3.0
500000,38.0,0.8793816606258811,0.46685153067642954,viterna,12.5,3.0
500000,38.5,0.8757919279940097,0.4779493013996268,viterna,12.5,3.0
500000,39.0,0.8721506532930794,0.48909294111818,viterna,12.5,3.0
500000,39.5,0.868452462286512,0.5002790903823905,viterna,12.5,3.0
500000,40.0,0.8646922783489079,0.5115043771730802,viterna,12.5,3.0
500000,40.5,0.8608653078787328,0.5227654179260497,viterna,12.5,3.0
500000,41.0,0.8569670267757463,0.534058818560018,viterna,12.5,3.0
500000,41.5,0.8529931678918246,0.5453811755077425,viterna,12.5,3.0
500000,42.0,0.8489397093725412,0.5567290767499963,viterna,12.5,3.0
500000,42.5,0.8448028638146361,0.5680991028520951,viterna,12.5,3.0
500000,43.0,0.8405790681714829,0.5794878280026525,viterna,12.5,3.0
500000,43.5,0.8362649743448973,0.5908918210542529,viterna,12.5,3.0
500000,44.0,0.831857440407245,0.6023076465657188,viterna,12.5,3.0
500000,44.5,0.8273535224028459,0.6137318658456621,viterna,12.5,3.0
500000,45.0,0.8227504666822089,0.6251610379969968,viterna,12.5,3.0
500000,45.5,0.8180457027267207,0.6365917209620979,viterna,12.5,3.0
500000,46.0,0.8132368364251038,0.6480204725682853,viterna,12.5,3.0
500000,46.5,0.8083216437662877,0.6594438515733194,viterna,12.5,3.0
500000,47.0,0.8032980649163592,0.6708584187105839,viterna,12.5,3.0
500000,47.5,0.7981641986499791,0.6822607377336445,viterna,12.5,3.0
500000,48.0,0.7929182971091336,0.6936473764598584,viterna,12.5,3.0
500000,48.5,0.7875587608643309,0.7050149078127242,viterna,12.5,3.0
500000,49.0,0.7820841342553915,0.7163599108626489,viterna,12.5,3.0
500000,49.5,0.7764931009908417,0.727678971865817,viterna,12.5,3.0
500000,50.0,0.7707844799865988,0.738968685300849,viterna,12.5,3.0
500000,50.5,0.7649572214261828,0.7502256549029291,viterna,12.5,3.0
500000,51.0,0.759010403026089,0.7614464946950883,viterna,12.5,3.0
500000,51.5,0.7529432264912368,0.7726278300163313,viterna,12.5,3.0
500000,52.0,0.746755014146582,0.7837662985462923,viterna,12.5,3.0
500000,52.5,0.7404452057320489,0.7948585513261085,viterna,12.5,3.0
500000,53.0,0.7340133553489202,0.8059012537752,viterna,12.5,3.0
500000,53.5,0.727459128546721,0.8168910867036473,viterna,12.5,3.0
500000,54.0,0.7207822995404554,0.8278247473198583,viterna,12.5,3.0
500000,54.5,0.7139827485488133,0.8386989502332165,viterna,12.5,3.0
500000,55.0,0.7070604592446575,0.8495104284514092,viterna,12.5,3.0
500000,55.5,0.7000155163097415,0.8602559343721272,viterna,12.5,3.0
500000,56.0,0.6928481030861945,0.8709322407688367,viterna,12.5,3.0
500000,56.5,0.6855584993178566,0.881536141770325,viterna,12.5,3.0
500000,57.0,0.6781470789750393,0.8920644538337182,viterna,12.5,3.0
500000,57.5,0.6706143081567545,0.9025140167106775,viterna,12.5,3.0
500000,58.0,0.6629607430648725,0.9128816944064804,viterna,12.5,3.0
500000,58.5,0.6551870280450741,0.9231643761316896,viterna,12.5,3.0
500000,59.0,0.647293893689808,0.9333589772461302,viterna,12.5,3.0
500000,59.5,0.6392821549988225,0.9434624401948768,viterna,12.5,3.0
500000,60.0,0.6311527095931285,0.9534717354359742,viterna,12.5,3.0
500000,60.5,0.6229065359785648,0.9633838623596033,viterna,12.5,3.0
500000,61.0,0.6145446918553779,0.973195850198416,viterna,12.5,3.0
500000,61.5,0.6060683124704996,0.9829047589287639,viterna,12.5,3.0
500000,62.0,0.5974786090094243,0.9925076801625374,viterna,12.5,3.0
500000,62.5,0.5887768670248021,1.0020017380293587,viterna,12.5,3.0
500000,63.0,0.5799644448990733,1.011384090048844,viterna,12.5,3.0
500000,63.5,0.5710427723386395,1.0206519279926831,viterna,12.5,3.0
500000,64.0,0.5620133488972614,1.0298024787362643,viterna,12.5,3.0
500000,64.5,0.552877742526507,1.0388330050995935,viterna,12.5,3.0
500000,65.0,0.5436375881512531,1.0477408066772433,viterna,12.5,3.0
500000,65.5,0.5342945862683619,1.0565232206570863,viterna,12.5,3.0
500000,66.0,0.5248505015667947,1.0651776226275613,viterna,12.5,3.0
500000,66.5,0.5153071615675486,1.073701427373227,viterna,12.5,3.0
500000,67.0,0.5056664552819098,1.0820920896583577,viterna,12.5,3.0
500000,67.5,0.49593033188663366,1.0903471049983493,viterna,12.5,3.0
500000,68.0,0.4861007994147521,1.0984640104186965,viterna,12.5,3.0
500000,68.5,0.4761799234608128,1.1064403852013083,viterna,12.5,3.0
500000,69.0,0.4661698258994328,1.1142738516179416,viterna,12.5,3.0
500000,69.5,0.4560726836161431,1.1219620756505229,viterna,12.5,3.0
500000,70.0,0.44589072724956963,1.1295027676981435,viterna,12.5,3.0
500000,70.5,0.43562623994406946,1.1368936832705108,viterna,12.5,3.0
500000,71.0,0.4252815561120203,1.1441326236676423,viterna,12.5,3.0
500000,71.5,0.4148590602050089,1.151217436645608,viterna,12.5,3.0
500000,72.0,0.40436118549324296,1.1581460170680973,viterna,12.5,3.0
500000,72.5,0.39379041285255056,1.1649163075436342,viterna,12.5,3.0
500000,73.0,0.38314926955840384,1.1715262990482305,viterna,12.5,3.0
500000,73.5,0.37244032808643474,1.1779740315332994,viterna,12.5,3.0
500000,74.0,0.36166620491897766,1.1842575945186362,viterna,12.5,3.0
500000,74.5,0.3508295593572058,1.1903751276702896,viterna,12.5,3.0
500000,75.0,0.3399330923384748,1.1963248213631497,viterna,12.5,3.0
500000,75.5,0.3289795452585331,1.202104917228075,viterna,12.5,3.0
500000,76.0,0.3179716987982862,1.2077137086834024,viterna,12.5,3.0
500000,76.5,0.3069123717548517,1.2131495414506654,viterna,12.5,3.0
500000,77.0,0.29580441987666173,1.2184108140543781,viterna,12.5,3.0
500000,77.5,0.2846507347024175,1.2234959783057207,viterna,12.5,3.0
500000,78.0,0.27345424240371585,1.2284035397699866,viterna,12.5,3.0
500000,78.5,0.2622179026312129,1.2331320582176484,viterna,12.5,3.0
500000,79.0,0.2509447073642056,1.2376801480589017,viterna,12.5,3.0
500000,79.5,0.23963767976354294,1.242046478761559,viterna,12.5,3.0
500000,80.0,0.22829987302780969,1.2462297752521656,viterna,12.5,3.0
500000,80.5,0.2169343692527363,1.2502288183002142,viterna,12.5,3.0
500000,81.0,0.20554427829382915,1.2540424448853418,viterna,12.5,3.0
500000,81.5,0.19413273663221858,1.2576695485473999,viterna,12.5,3.0
500000,82.0,0.18270290624376204,1.2611090797192885,viterna,12.5,3.0
500000,82.5,0.17125797347144173,1.2643600460424536,viterna,12.5,3.0
500000,83.0,0.15980114790113134,1.2674215126649548,viterna,12.5,3.0
500000,83.5,0.14833566124081515,1.2702926025220083,viterna,12.5,3.0
500000,84.0,0.13686476620336033,1.2729724965989253,viterna,12.5,3.0
500000,84.5,0.12539173539297077,1.2754604341763596,viterna,12.5,3.0
500000,85.0,0.11391986019545065,1.2777557130577977,viterna,12.5,3.0
500000,85.5,0.10245244967244066,1.279857689779215,viterna,12.5,3.0
500000,86.0,0.09099282945978594,1.2817657798008406,viterna,12.5,3.0
500000,86.5,0.07954434067022852,1.283479457680968,viterna,12.5,3.0
500000,87.0,0.0681103388006132,1.2849982572317615,viterna,12.5,3.0
500000,87.5,0.05669419264382576,1.2863217716570128,viterna,12.5,3.0
500000,88.0,0.04529928320568599,1.2874496536717988,viterna,12.5,3.0
500000,88.5,0.03392900262703102,1.2883816156040167,viterna,12.5,3.0
500000,89.0,0.022586753111247686,1.2891174294777545,viterna,12.5,3.0
500000,89.5,0.01127594585750899,1.2896569270784755,viterna,12.5,3.0
500000,90.0,7.898971854500428e-17,1.29,viterna,12.5,3.0
750000,-3.5,-0.0564,0.00752,xfoil_branch,11.5,3.0
750000,-3.0,-0.0016,0.00718,xfoil_branch,11.5,3.0
750000,-2.5,0.0533,0.00695,xfoil_branch,11.5,3.0
750000,-2.0,0.1084,0.00667,xfoil_branch,11.5,3.0
750000,-1.5,0.1628,0.00646,xfoil_branch,11.5,3.0
750000,-1.0,0.2181,0.00615,xfoil_branch,11.5,3.0
750000,-0.5,0.2715,0.00591,xfoil_branch,11.5,3.0
750000,0.0,0.3252,0.00561,xfoil_branch,11.5,3.0
750000,0.5,0.3759,0.00539,xfoil_branch,11.5,3.0
750000,1.0,0.4285,0.00532,xfoil_branch,11.5,3.0
750000,1.5,0.5023,0.00535,xfoil_branch,11.5,3.0
750000,2.0,0.5548,0.00559,xfoil_branch,11.5,3.0
750000,2.5,0.6095,0.0057,xfoil_branch,11.5,3.0
750000,3.0,0.6625,0.00598,xfoil_branch,11.5,3.0
750000,3.5,0.7159,0.00625,xfoil_branch,11.5,3.0
750000,4.0,0.7676,0.00668,xfoil_branch,11.5,3.0
750000,4.5,0.818,0.00728,xfoil_branch,11.5,3.0
750000,5.0,0.8676,0.00801,xfoil_branch,11.5,3.0
750000,5.5,0.9172,0.00875,xfoil_branch,11.5,3.0
750000,6.0,0.9656,0.0096,xfoil_branch,11.5,3.0
750000,6.5,1.0138,0.01047,xfoil_branch,11.5,3.0
750000,7.0,1.0614,0.01137,xfoil_branch,11.5,3.0
750000,7.5,1.1084,0.01229,xfoil_branch,11.5,3.0
750000,8.0,1.1543,0.01329,xfoil_branch,11.5,3.0
750000,8.5,1.1987,0.01436,xfoil_branch,11.5,3.0
750000,9.0,1.2452,0.01514,xfoil_branch,11.5,3.0
750000,9.5,1.2845,0.01655,xfoil_branch,11.5,3.0
750000,10.0,1.3289,0.01732,xfoil_branch,11.5,3.0
750000,10.5,1.363,0.01895,xfoil_branch,11.5,3.0
750000,11.0,1.3947,0.02051,xfoil_branch,11.5,3.0
750000,11.5,1.3960000000000001,0.02373,xfoil_branch,11.5,3.0
750000,12.0,1.3849750754538253,0.02799276997323304,hermite_blend_3deg,11.5,3.0
750000,12.5,1.3564056747798927,0.03263590740004796,hermite_blend_3deg,11.5,3.0
750000,13.0,1.3170498574250908,0.03759165354111844,hermite_blend_3deg,11.5,3.0
750000,13.5,1.273665682836307,0.04279224965711816,hermite_blend_3deg,11.5,3.0
750000,14.0,1.2330112104604296,0.048169937008720826,hermite_blend_3deg,11.5,3.0
750000,14.5,1.2018444997443465,0.05365695685660011,viterna,11.5,3.0
750000,15.0,1.178707552527055,0.05926273473548978,viterna,11.5,3.0
750000,15.5,1.1574959331880392,0.06504073108315012,viterna,11.5,3.0
750000,16.0,1.138017642028827,0.07098920060585798,viterna,11.5,3.0
750000,16.5,1.1201036453252144,0.07710634655335274,viterna,11.5,3.0
750000,17.0,1.1036045033535966,0.08339032126498523,viterna,11.5,3.0
750000,17.5,1.088387576611615,0.08983922673133901,viterna,11.5,3.0
750000,18.0,1.0743346978043167,0.09645111517115258,viterna,11.5,3.0
750000,18.5,1.0613402214758973,0.10322398962336674,viterna,11.5,3.0
750000,19.0,1.0493093817186074,0.1101558045541173,viterna,11.5,3.0
750000,19.5,1.0381569026608035,0.11724446647848805,viterna,11.5,3.0
750000,20.0,1.0278058174956761,0.12448783459683496,viterna,11.5,3.0
750000,20.5,1.0181864604440363,0.1318837214454873,viterna,11.5,3.0
750000,21.0,1.0092356028267178,0.1394298935616283,viterna,11.5,3.0
750000,21.5,1.000895709784785,0.1471240721621523,viterna,11.5,3.0
750000,22.0,0.9931142984514942,0.15496393383629237,viterna,11.5,3.0
750000,22.5,0.985843381792534,0.1629471112518072,viterna,11.5,3.0
750000,23.0,0.9790389850759972,0.17107119387451156,viterna,11.5,3.0
750000,23.5,0.9726607241528196,0.17933372870093275,viterna,11.5,3.0
750000,24.0,0.966671436531604,0.18773222100386905,viterna,11.5,3.0
750000,24.5,0.9610368577037239,0.1962641350906229,viterna,11.5,3.0
750000,25.0,0.9557253363816268,0.2049268950736789,viterna,11.5,3.0
750000,25.5,0.9507075833072867,0.21371788565359112,viterna,11.5,3.0
750000,26.0,0.9459564491097203,0.22263445291384243,viterna,11.5,3.0
750000,26.5,0.9414467273729001,0.231673905127432,viterna,11.5,3.0
750000,27.0,0.9371549796440429,0.24083351357494853,viterna,11.5,3.0
750000,27.5,0.9330593795878876,0.25011051337387574,viterna,11.5,3.0
750000,28.0,0.9291395738917343,0.25950210431888293,viterna,11.5,3.0
750000,28.5,0.9253765578621747,0.26900545173283946,viterna,11.5,3.0
750000,29.0,0.9217525639384312,0.27861768732829867,viterna,11.5,3.0
750000,29.5,0.9182509615878925,0.2883359100791856,viterna,11.5,3.0
750000,30.0,0.9148561672539948,0.298157187102425,viterna,11.5,3.0
750000,30.5,0.9115535632009997,0.30807855454924127,viterna,11.5,3.0
750000,31.0,0.908329424249283,0.31809701850585737,viterna,11.5,3.0
750000,31.5,0.9051708515225287,0.3282095559033197,viterna,11.5,3.0
750000,32.0,0.9020657124380386,0.33841311543617325,viterna,11.5,3.0
750000,32.5,0.8990025862659687,0.3487046184897041,viterna,11.5,3.0
750000,33.0,0.8959707146650145,0.3590809600754694,viterna,11.5,3.0
750000,33.5,0.8929599566727933,0.3695390097748308,viterna,11.5,3.0
750000,34.0,0.8899607476905503,0.38007561269020096,viterna,11.5,3.0
750000,34.5,0.8869640620551758,0.39068759040371537,viterna,11.5,3.0
750000,35.0,0.8839613788380272,0.40137174194303976,viterna,11.5,3.0
750000,35.5,0.8809446505506661,0.4121248447540146,viterna,11.5,3.0
750000,36.0,0.8779062744731496,0.42294365567984327,viterna,11.5,3.0
750000,36.5,0.8748390663516759,0.43382491194652745,viterna,11.5,3.0
750000,37.0,0.8717362362397474,0.4447653321542452,viterna,11.5,3.0
750000,37.5,0.8685913662810999,0.45576161727437414,viterna,11.5,3.0
750000,38.0,0.86539839025388,0.46681045165185403,viterna,11.5,3.0
750000,38.5,0.8621515747142979,0.4779085040125846,viterna,11.5,3.0
750000,39.0,0.8588455015945797,0.48905242847555,viterna,11.5,3.0
750000,39.5,0.8554750521247355,0.5002388655693674,viterna,11.5,3.0
750000,40.0,0.8520353919607078,0.5114644432529392,viterna,11.5,3.0
750000,40.5,0.8485219574130634,0.5227257779399134,viterna,11.5,3.0
750000,41.0,0.8449304426807149,0.5340194755266249,viterna,11.5,3.0
750000,41.5,0.8412567880033639,0.5453421324232167,viterna,11.5,3.0
750000,42.0,0.8374971686545792,0.55669033658762,viterna,11.5,3.0
750000,42.5,0.8336479847047739,0.5680606685620817,viterna,11.5,3.0
750000,43.0,0.8297058514899247,0.5794497025119221,viterna,11.5,3.0
750000,43.5,0.8256675907277835,0.5908540072662088,viterna,11.5,3.0
750000,44.0,0.8215302222286217,0.6022701473600277,viterna,11.5,3.0
750000,44.5,0.81729095615232,0.6136946840780336,viterna,11.5,3.0
750000,45.0,0.8129471857678977,0.6251241764989666,viterna,11.5,3.0
750000,45.5,0.808496480675442,0.6365551825408117,viterna,11.5,3.0
750000,46.0,0.8039365804538846,0.6479842600062853,viterna,11.5,3.0
750000,46.5,0.7992653887012207,0.6594079676283324,viterna,11.5,3.0
750000,47.0,0.7944809674366187,0.6708228661153113,viterna,11.5,3.0
750000,47.5,0.7895815318364428,0.682225519195554,viterna,11.5,3.0
750000,48.0,0.7845654452785517,0.6936124946609781,viterna,11.5,3.0
750000,48.5,0.7794312146713605,0.7049803654094381,viterna,11.5,3.0
750000,49.0,0.7741774860460737,0.7163257104854948,viterna,11.5,3.0
750000,49.5,0.7688030403922596,0.727645116119286,viterna,11.5,3.0
750000,50.0,0.7633067897185197,0.7389351767631872,viterna,11.5,3.0
750000,50.5,0.7576877733214739,0.7501924961259415,viterna,11.5,3.0
750000,51.0,0.7519451542475956,0.7614136882039441,viterna,11.5,3.0
750000,51.5,0.7460782159336523,0.7725953783093716,viterna,11.5,3.0
750000,52.0,0.7400863590126051,0.7837342040948405,viterna,11.5,3.0
750000,52.5,0.7339690982728384,0.7948268165742813,viterna,11.5,3.0
750000,53.0,0.7277260597595138,0.8058698811397217,viterna,11.5,3.0
750000,53.5,0.7213569780076939,0.8168600785736654,viterna,11.5,3.0
750000,54.0,0.7148616933976596,0.827794106056762,viterna,11.5,3.0
750000,54.5,0.7082401496235581,0.8386686781704565,viterna,11.5,3.0
750000,55.0,0.7014923912671773,0.8494805278943205,viterna,11.5,3.0
750000,55.5,0.6946185614692464,0.8602264075977528,viterna,11.5,3.0
750000,56.0,0.6876188996912171,0.8709030900257548,viterna,11.5,3.0
750000,56.5,0.6804937395609932,0.8815073692784776,viterna,11.5,3.0
750000,57.0,0.6732435067965464,0.8920360617842421,viterna,11.5,3.0
750000,57.5,0.6658687172017965,0.902486007265737,viterna,11.5,3.0
750000,58.0,0.658369974729527,0.9128540696991032,viterna,11.5,3.0
750000,58.5,0.6507479696064931,0.9231371382656042,viterna,11.5,3.0
750000,59.0,0.6430034765162044,0.9333321282956054,viterna,11.5,3.0
750000,59.5,0.6351373528352016,0.9434359822045643,viterna,11.5,3.0
750000,60.0,0.627150536918924,0.9534456704207523,viterna,11.5,3.0
750000,60.5,0.6190440464335527,0.9633581923044239,viterna,11.5,3.0
750000,61.0,0.6108189767304546,0.9731705770581532,viterna,11.5,3.0
750000,61.5,0.6024764992600966,0.9828798846280651,viterna,11.5,3.0
750000,62.0,0.5940178600225131,0.9924832065956769,viterna,11.5,3.0
750000,62.5,0.5854443780516144,1.0019776670600933,viterna,11.5,3.0
750000,63.0,0.5767574439308124,1.0113604235102716,viterna,11.5,3.0
750000,63.5,0.5679585183376135,1.0206286676871017,viterna,11.5,3.0
750000,64.0,0.5590491306149991,1.0297796264350365,viterna,11.5,3.0
750000,64.5,0.5500308773675545,1.0388105625430106,viterna,11.5,3.0
750000,65.0,0.5409054210804641,1.0477187755743929,viterna,11.5,3.0
750000,65.5,0.5316744887596134,1.0565016026857217,viterna,11.5,3.0
750000,66.0,0.522339870591161,1.0651564194339753,viterna,11.5,3.0
750000,66.5,0.5129034186190744,1.0736806405721246,viterna,11.5,3.0
750000,67.0,0.50336704543921,1.0820717208327342,viterna,11.5,3.0
750000,67.5,0.49373272290864095,1.0903271556993699,viterna,11.5,3.0
750000,68.0,0.48400248086901443,1.0984444821655774,viterna,11.5,3.0
750000,68.5,0.4741784058828217,1.1064212794812014,viterna,11.5,3.0
750000,69.0,0.4642626399815374,1.1142551698858216,viterna,11.5,3.0
750000,69.5,0.4542573794246733,1.1219438193290763,viterna,11.5,3.0
750000,70.0,0.4441648734688578,1.1294849381776597,viterna,11.5,3.0
750000,70.5,0.43398742314612115,1.1368762819087765,viterna,11.5,3.0
750000,71.0,0.4237273800506417,1.144115651789839,viterna,11.5,3.0
750000,71.5,0.4133871451332543,1.1512008955442097,viterna,11.5,3.0
750000,72.0,0.40296916750309597,1.158129908002773,viterna,11.5,3.0
750000,72.5,0.3924759432358012,1.1649006317411514,viterna,11.5,3.0
750000,73.0,0.3819100141877297,1.1715110577023624,viterna,11.5,3.0
750000,73.5,0.37127396681573627,1.1779592258047333,viterna,11.5,3.0
750000,74.0,0.36057043100205943,1.184243225534886,viterna,11.5,3.0
750000,74.5,0.34980207888393244,1.190361196525609,viterna,11.5,3.0
750000,75.0,0.3389716236875669,1.196311329118449,viterna,11.5,3.0
750000,75.5,0.328081818566202,1.2020918649108412,viterna,11.5,3.0
750000,76.0,0.3171354554419385,1.2077010972876197,viterna,11.5,3.0
750000,76.5,0.30613536385112466,1.2131373719367406,viterna,11.5,3.0
750000,77.0,0.2950844097930778,1.2183990873490669,viterna,11.5,3.0
750000,77.5,0.2839854945819749,1.2234846953020568,viterna,11.5,3.0
750000,78.0,0.27284155370175506,1.2283927013272147,viterna,11.5,3.0
750000,78.5,0.2616555556639236,1.2331216651611576,viterna,11.5,3.0
750000,79.0,0.2504305008681613,1.2376702011801637,viterna,11.5,3.0
750000,79.5,0.2391694204656696,1.2420369788180672,viterna,11.5,3.0
750000,80.0,0.22787537522521578,1.2462207229673774,viterna,11.5,3.0
750000,80.5,0.21655145440184942,1.250220214363496,viterna,11.5,3.0
750000,81.0,0.20520077460830144,1.2540342899519168,viterna,11.5,3.0
750000,81.5,0.1938264786890794,1.2576618432382978,viterna,11.5,3.0
750000,82.0,0.18243173459731116,1.2611018246212986,viterna,11.5,3.0
750000,82.5,0.1710197342743908,1.2643532417080794,viterna,11.5,3.0
750000,83.0,0.15959369253251335,1.2674151596123728,viterna,11.5,3.0
750000,83.5,0.14815684594019515,1.2702867012350283,viterna,11.5,3.0
750000,84.0,0.13671245171089036,1.2729670475269528,viterna,11.5,3.0
750000,84.5,0.1252637865948433,1.2754554377343628,viterna,11.5,3.0
750000,85.0,0.11381414577431412,1.2777511696262749,viterna,11.5,3.0
750000,85.5,0.1023668417623488,1.2798535997041662,viterna,11.5,3.0
750000,86.0,0.09092520330526131,1.2817621433937405,viterna,11.5,3.0
750000,86.5,0.07949257428902723,1.2834762752187434,viterna,11.5,3.0
750000,87.0,0.0680723126497844,1.2849955289567692,viterna,11.5,3.0
750000,87.5,0.056667789288665144,1.2863194977770214,viterna,11.5,3.0
750000,88.0,0.04528238699118748,1.2874478343599733,viterna,11.5,3.0
750000,88.5,0.033919499351445184,1.2883802509989044,viterna,11.5,3.0
750000,89.0,0.02258252970135894,1.2891165196832757,viterna,11.5,3.0
750000,89.5,0.011274890045246554,1.289656472163914,viterna,11.5,3.0
750000,90.0,7.898971854500428e-17,1.29,viterna,11.5,3.0
1000000,-3.5,-0.0581,0.00704,xfoil_branch,13.0,3.0
1000000,-3.0,-0.0027,0.00677,xfoil_branch,13.0,3.0
1000000,-2.5,0.0526,0.00652,xfoil_branch,13.0,3.0
1000000,-2.0,0.1077,0.00631,xfoil_branch,13.0,3.0
1000000,-1.5,0.1633,0.00604,xfoil_branch,13.0,3.0
1000000,-1.0,0.218,0.00592,xfoil_branch,13.0,3.0
1000000,-0.5,0.2736,0.00559,xfoil_branch,13.0,3.0
1000000,0.0,0.3279,0.0054,xfoil_branch,13.0,3.0
1000000,0.5,0.3812,0.00516,xfoil_branch,13.0,3.0
1000000,1.0,0.4321,0.00494,xfoil_branch,13.0,3.0
1000000,1.5,0.4869,0.00497,xfoil_branch,13.0,3.0
1000000,2.0,0.5566,0.00503,xfoil_branch,13.0,3.0
1000000,2.5,0.6096,0.00529,xfoil_branch,13.0,3.0
1000000,3.0,0.6636,0.00551,xfoil_branch,13.0,3.0
1000000,3.5,0.717,0.00582,xfoil_branch,13.0,3.0
1000000,4.0,0.7682312434337961,0.00634686306598111,xfoil_branch,13.0,3.0
1000000,4.5,0.8187,0.00699,xfoil_branch,13.0,3.0
1000000,5.0,0.8693,0.00765,xfoil_branch,13.0,3.0
1000000,5.5,0.9188,0.00843,xfoil_branch,13.0,3.0
1000000,6.0,0.9689,0.00912,xfoil_branch,13.0,3.0
1000000,6.5,1.018,0.0099,xfoil_branch,13.0,3.0
1000000,7.0,1.0657,0.01081,xfoil_branch,13.0,3.0
1000000,7.5,1.1137,0.01164,xfoil_branch,13.0,3.0
1000000,8.0,1.1618,0.01241,xfoil_branch,13.0,3.0
1000000,8.5,1.2084,0.0133,xfoil_branch,13.0,3.0
1000000,9.0,1.2535,0.01425,xfoil_branch,13.0,3.0
1000000,9.5,1.2989,0.0151,xfoil_branch,13.0,3.0
1000000,10.0,1.3393,0.01634,xfoil_branch,13.0,3.0
1000000,10.5,1.3795,0.01746,xfoil_branch,13.0,3.0
1000000,11.0,1.403753470704251,0.019506068175504373,xfoil_branch,13.0,3.0
1000000,11.5,1.4244,0.02175,xfoil_branch,13.0,3.0
1000000,12.0,1.447,0.02337,xfoil_branch,13.0,3.0
1000000,12.5,1.4658,0.02535,xfoil_branch,13.0,3.0
1000000,13.0,1.4733000000000003,0.02841,xfoil_branch,13.0,3.0
1000000,13.5,1.464146887830293,0.0325300862717418,hermite_blend_3deg,13.0,3.0
1000000,14.0,1.4374134638448919,0.03753265667548434,hermite_blend_3deg,13.0,3.0
1000000,14.5,1.3997385968293794,0.04318117859400328,hermite_blend_3deg,13.0,3.0
1000000,15.0,1.3577611555693372,0.049239119410074306,hermite_blend_3deg,13.0,3.0
1000000,15.5,1.3181200088503473,0.0554699465064731,hermite_blend_3deg,13.0,3.0
1000000,16.0,1.2874540254579916,0.061637127265975325,viterna,13.0,3.0
1000000,16.5,1.2643959843404236,0.06777803094678814,viterna,13.0,3.0
1000000,17.0,1.2430384245333155,0.07408647377908817,viterna,13.0,3.0
1000000,17.5,1.2232243491089814,0.08056055589011683,viterna,13.0,3.0
1000000,18.0,1.2048139432439111,0.08719832758131368,viterna,13.0,3.0
1000000,18.5,1.1876822576392678,0.09399778992050972,viterna,13.0,3.0
1000000,19.0,1.171717257841149,0.10095689534907021,viterna,13.0,3.0
1000000,19.5,1.1568181737841932,0.10807354830380186,viterna,13.0,3.0
1000000,20.0,1.1428940970173187,0.11534560585343537,viterna,13.0,3.0
1000000,20.5,1.1298627833223038,0.12277087834948866,viterna,13.0,3.0
1000000,21.0,1.1176496264909608,0.13034713009131418,viterna,13.0,3.0
1000000,21.5,1.1061867753957813,0.13807208000512633,viterna,13.0,3.0
1000000,22.0,1.0954123715552817,0.1459434023368035,viterna,13.0,3.0
1000000,22.5,1.0852698884483405,0.15395872735825356,viterna,13.0,3.0
1000000,23.0,1.0757075570919192,0.16211564208712656,viterna,13.0,3.0
1000000,23.5,1.066677865032361,0.17041169101965783,viterna,13.0,3.0
1000000,24.0,1.058137118042065,0.17884437687641672,viterna,13.0,3.0
1000000,24.5,1.0500450555615837,0.18741116136073416,viterna,13.0,3.0
1000000,25.0,1.042364512360741,0.19610946592957892,viterna,13.0,3.0
1000000,25.5,1.0350611200729671,0.20493667257664733,viterna,13.0,3.0
1000000,26.0,1.028103043233275,0.21389012462742849,viterna,13.0,3.0
1000000,26.5,1.0214607452608,0.22296712754600195,viterna,13.0,3.0
1000000,27.0,1.0151067805022,0.23216494975332486,viterna,13.0,3.0
1000000,27.5,1.009015609017098,0.24148082345675514,viterna,13.0,3.0
1000000,28.0,1.0031634312608468,0.2509119454905639,viterna,13.0,3.0
1000000,28.5,0.9975280402191206,0.2604554781671748,viterna,13.0,3.0
1000000,29.0,0.9920886888861387,0.270108550138878,viterna,13.0,3.0
1000000,29.5,0.9868259712641586,0.2798682572697504,viterna,13.0,3.0
1000000,30.0,0.9817217153048345,0.28973166351752055,viterna,13.0,3.0
1000000,30.5,0.9767588864201613,0.2996958018251093,viterna,13.0,3.0
1000000,31.0,0.9719215003677733,0.309757675021573,viterna,13.0,3.0
1000000,31.5,0.9671945444671227,0.31991425673217627,viterna,13.0,3.0
1000000,32.0,0.9625639062334875,0.33016249229731925,viterna,13.0,3.0
1000000,32.5,0.958016308629118,0.34049929970003506,viterna,13.0,3.0
1000000,33.0,0.9535392512278695,0.35092157050177947,viterna,13.0,3.0
1000000,33.5,0.949120956673679,0.3614261707862263,viterna,13.0,3.0
1000000,34.0,0.9447503218861278,0.37200994211078103,viterna,13.0,3.0
1000000,34.5,0.9404168735297169,0.3826697024655221,viterna,13.0,3.0
1000000,35.0,0.9361107273187104,0.3934022472392822,viterna,13.0,3.0
1000000,35.5,0.9318225507776444,0.40420435019256956,viterna,13.0,3.0
1000000,36.0,0.92754352911979,0.4150727644370371,viterna,13.0,3.0
1000000,36.5,0.9232653339428718,0.4260042234212016,viterna,13.0,3.0
1000000,37.0,0.91898009447384,0.43699544192211,viterna,13.0,3.0
1000000,37.5,0.9146803711230985,0.4480431170426531,viterna,13.0,3.0
1000000,38.0,0.910359131133806,0.45914392921422315,viterna,13.0,3.0
1000000,38.5,0.906009726134137,0.47029454320440967,viterna,13.0,3.0
1000000,39.0,0.901625871420093,0.48149160912942524,viterna,13.0,3.0
1000000,39.5,0.897201626813905,0.49273176347095876,viterna,13.0,3.0
1000000,40.0,0.8927313789585687,0.5040116300971366,viterna,13.0,3.0
1000000,40.5,0.8882098249228197,0.5153278212872933,viterna,13.0,3.0
1000000,41.0,0.8836319570031259,0.5266769387602288,viterna,13.0,3.0
1000000,41.5,0.878993048620196,0.5380555747056471,viterna,13.0,3.0
1000000,42.0,0.8742886412172789,0.5494603128184582,viterna,13.0,3.0
1000000,42.5,0.8695145320762414,0.5608877293356298,viterna,13.0,3.0
1000000,43.0,0.8646667629752445,0.5723343940752733,viterna,13.0,3.0
1000000,43.5,0.8597416096188335,0.5837968714776489,viterna,13.0,3.0
1000000,44.0,0.8547355717775553,0.5952717216477695,viterna,13.0,3.0
1000000,44.5,0.8496453640798727,0.6067555013992908,viterna,13.0,3.0
1000000,45.0,0.8444679074042335,0.6182447652993662,viterna,13.0,3.0
1000000,45.5,0.8392003208237445,0.6297360667141513,viterna,13.0,3.0
1000000,46.0,0.8338399140600367,0.6412259588546364,viterna,13.0,3.0
1000000,46.5,0.8283841804066497,0.6527109958224935,viterna,13.0,3.0
1000000,47.0,0.8228307900856485,0.6641877336556138,viterna,13.0,3.0
1000000,47.5,0.8171775840042397,0.6756527313730237,viterna,13.0,3.0
1000000,48.0,0.8114225678809425,0.6871025520188553,viterna,13.0,3.0
1000000,48.5,0.805563906713378,0.6985337637050592,viterna,13.0,3.0
1000000,49.0,0.7995999195620318,0.7099429406525386,viterna,13.0,3.0
1000000,49.5,0.7935290746264315,0.7213266642303872,viterna,13.0,3.0
1000000,50.0,0.7873499845920618,0.7326815239929201,viterna,13.0,3.0
1000000,50.5,0.7810614022280797,0.7440041187141764,viterna,13.0,3.0
1000000,51.0,0.7746622162174557,0.7552910574195802,viterna,13.0,3.0
1000000,51.5,0.7681514472026078,0.7665389604144481,viterna,13.0,3.0
1000000,52.0,0.7615282440309102,0.7777444603090282,viterna,13.0,3.0
1000000,52.5,0.7547918801856541,0.7889042030397598,viterna,13.0,3.0
1000000,53.0,0.7479417503891409,0.800014848886442,viterna,13.0,3.0
1000000,53.5,0.7409773673655976,0.8110730734850023,viterna,13.0,3.0
1000000,54.0,0.7338983587525213,0.8220755688355583,viterna,13.0,3.0
1000000,54.5,0.7267044641499166,0.8330190443054619,viterna,13.0,3.0
1000000,55.0,0.71939553229766,0.8439002276270271,viterna,13.0,3.0
1000000,55.5,0.7119715183719483,0.8547158658896311,viterna,13.0,3.0
1000000,56.0,0.7044324813924455,0.8654627265258907,viterna,13.0,3.0
1000000,56.5,0.6967785817323474,0.8761375982916149,viterna,13.0,3.0
1000000,57.0,0.6890100787241463,0.8867372922392313,viterna,13.0,3.0
1000000,57.5,0.6811273283543928,0.897258642684394,viterna,13.0,3.0
1000000,58.0,0.673130781041227,0.9076985081654794,viterna,13.0,3.0
1000000,58.5,0.6650209794888966,0.9180537723956709,viterna,13.0,3.0
1000000,59.0,0.656798556613878,0.9283213452073549,viterna,13.0,3.0
1000000,59.5,0.6484642335376052,0.9384981634885285,viterna,13.0,3.0
1000000,60.0,0.6400188176411454,0.9485811921109442,viterna,13.0,3.0
1000000,60.5,0.631463200677501,0.9585674248497003,viterna,13.0,3.0
1000000,61.0,0.6227983569374985,0.968453885294004,viterna,13.0,3.0
1000000,61.5,0.614025341465521,0.9782376277488295,viterna,13.0,3.0
1000000,62.0,0.6051452883215852,0.9879157381271896,viterna,13.0,3.0
1000000,62.5,0.5961594088865123,0.9974853348327617,viterna,13.0,3.0
1000000,63.0,0.5870689902071655,1.0069435696325875,viterna,13.0,3.0
1000000,63.5,0.5778753933789249,1.0162876285195888,viterna,13.0,3.0
1000000,64.0,0.5685800519627828,1.025514732564634,viterna,13.0,3.0
1000000,64.5,0.5591844704345988,1.0346221387578993,viterna,13.0,3.0
1000000,65.0,0.5496902226642459,1.04360714083926,viterna,13.0,3.0
1000000,65.5,0.5400989504225201,1.0524670701174712,viterna,13.0,3.0
1000000,66.0,0.5304123619138349,1.0611992962778825,viterna,13.0,3.0
1000000,66.5,0.5206322303328703,1.0698012281784384,viterna,13.0,3.0
1000000,67.0,0.5107603924434546,1.0782703146337282,viterna,13.0,3.0
1000000,67.5,0.5007987471780972,1.0866040451868442,viterna,13.0,3.0
1000000,68.0,0.49074925425668753,1.0947999508688118,viterna,13.0,3.0
1000000,68.5,0.4806139328229903,1.1028556049453646,viterna,13.0,3.0
1000000,69.0,0.4703948600976581,1.1107686236508347,viterna,13.0,3.0
1000000,69.5,0.4600941700465826,1.1185366669089336,viterna,13.0,3.0
1000000,70.0,0.4497140520634872,1.1261574390402094,viterna,13.0,3.0
1000000,70.5,0.43925674966574263,1.1336286894559608,viterna,13.0,3.0
1000000,71.0,0.42872455920247604,1.1409482133383968,viterna,13.0,3.0
1000000,71.5,0.41811982857409846,1.1481138523068424,viterna,13.0,3.0
1000000,72.0,0.4074449559624619,1.1551234950697749,viterna,13.0,3.0
1000000,72.5,0.3967023885709025,1.1619750780625073,viterna,13.0,3.0
1000000,73.0,0.38589462137350666,1.1686665860703116,viterna,13.0,3.0
1000000,73.5,0.37502419587297153,1.1751960528368035,viterna,13.0,3.0
1000000,74.0,0.36409369886650617,1.1815615616573967,viterna,13.0,3.0
1000000,74.5,0.3531057612192555,1.1877612459576468,viterna,13.0,3.0
1000000,75.0,0.3420630566447812,1.1937932898563162,viterna,13.0,3.0
1000000,75.5,0.33096830049218345,1.1996559287129762,viterna,13.0,3.0
1000000,76.0,0.3198242485394811,1.2053474496599952,viterna,13.0,3.0
1000000,76.5,0.3086336957929197,1.210866192118736,viterna,13.0,3.0
1000000,77.0,0.29739947529190197,1.2162105482998185,viterna,13.0,3.0
1000000,77.5,0.28612445691928606,1.2213789636872865,viterna,13.0,3.0
1000000,78.0,0.27481154621681625,1.2263699375065378,viterna,13.0,3.0
1000000,78.5,0.26346368320549873,1.2311820231758703,viterna,13.0,3.0
1000000,79.0,0.25208384121075483,1.2358138287415128,viterna,13.0,3.0
1000000,79.5,0.2406750256922162,1.240264017296001,viterna,13.0,3.0
1000000,80.0,0.2292402730780627,1.2445313073797803,viterna,13.0,3.0
1000000,80.5,0.21778264960381533,1.248614473365906,viterna,13.0,3.0
1000000,81.0,0.2063052501555407,1.2525123458277274,viterna,13.0,3.0
1000000,81.5,0.1948111971174287,1.2562238118894469,viterna,13.0,3.0
1000000,82.0,0.18330363922374768,1.2597478155594406,viterna,13.0,3.0
1000000,82.5,0.1717857504151855,1.2630833580462468,viterna,13.0,3.0
1000000,83.0,0.16026072869962196,1.2662294980571231,viterna,13.0,3.0
1000000,83.5,0.14873179501738956,1.269185352079079,viterna,13.0,3.0
1000000,84.0,0.13720219211109835,1.2719500946423068,viterna,13.0,3.0
1000000,84.5,0.12567518340013037,1.274522958565919,viterna,13.0,3.0
1000000,85.0,0.11415405185991108,1.2769032351859326,viterna,13.0,3.0
1000000,85.5,0.10264209890610101,1.2790902745654158,viterna,13.0,3.0
1000000,86.0,0.09114264328385,1.2810834856867466,viterna,13.0,3.0
1000000,86.5,0.07965901996228995,1.2828823366259179,viterna,13.0,3.0
1000000,87.0,0.06819457903444201,1.2844863547088354,viterna,13.0,3.0
1000000,87.5,0.05675268462274337,1.2858951266495697,viterna,13.0,3.0
1000000,88.0,0.04533671379040609,1.2871082986705082,viterna,13.0,3.0
1000000,88.5,0.03395005545883338,1.2881255766043833,viterna,13.0,3.0
1000000,89.0,0.022596109331344337,1.2889467259781393,viterna,13.0,3.0
1000000,89.5,0.011278284823455538,1.289571572078611,viterna,13.0,3.0
1000000,90.0,7.898971854500428e-17,1.29,viterna,13.0,3.0
1500000,-3.5,-0.0593,0.00644,xfoil_branch,14.5,3.0
1500000,-3.0,-0.0044,0.00626,xfoil_branch,14.5,3.0
1500000,-2.5,0.052,0.006,xfoil_branch,14.5,3.0
1500000,-2.0,0.1073,0.00585,xfoil_branch,14.5,3.0
1500000,-1.5,0.1633,0.00564,xfoil_branch,14.5,3.0
1500000,-1.0,0.2194,0.00549,xfoil_branch,14.5,3.0
1500000,-0.5,0.2746,0.00536,xfoil_branch,14.5,3.0
1500000,0.0,0.3307,0.00511,xfoil_branch,14.5,3.0
1500000,0.5,0.3851,0.00494,xfoil_branch,14.5,3.0
1500000,1.0,0.44,0.00477,xfoil_branch,14.5,3.0
1500000,1.5,0.4922,0.00462,xfoil_branch,14.5,3.0
1500000,2.0,0.5423,0.00458,xfoil_branch,14.5,3.0
1500000,2.5,0.6107,0.00481,xfoil_branch,14.5,3.0
1500000,3.0,0.6648,0.00504,xfoil_branch,14.5,3.0
1500000,3.5,0.7163,0.00557,xfoil_branch,14.5,3.0
1500000,4.0,0.768,0.00612,xfoil_branch,14.5,3.0
1500000,4.5,0.8197,0.00668,xfoil_branch,14.5,3.0
1500000,5.0,0.871,0.00729,xfoil_branch,14.5,3.0
1500000,5.5,0.922,0.00792,xfoil_branch,14.5,3.0
1500000,6.0,0.973,0.00854,xfoil_branch,14.5,3.0
1500000,6.5,1.0227,0.00928,xfoil_branch,14.5,3.0
1500000,7.0,1.0726,0.00997,xfoil_branch,14.5,3.0
1500000,7.5,1.1219,0.01068,xfoil_branch,14.5,3.0
1500000,8.0,1.1699,0.0115,xfoil_branch,14.5,3.0
1500000,8.5,1.2183,0.01222,xfoil_branch,14.5,3.0
1500000,9.0,1.2657,0.01299,xfoil_branch,14.5,3.0
1500000,9.5,1.3112,0.01387,xfoil_branch,14.5,3.0
1500000,10.0,1.3553,0.01483,xfoil_branch,14.5,3.0
1500000,10.5,1.3926,0.01635,xfoil_branch,14.5,3.0
1500000,11.0,1.4309,0.01755,xfoil_branch,14.5,3.0
1500000,11.5,1.4602,0.01936,xfoil_branch,14.5,3.0
1500000,12.0,1.487,0.02074,xfoil_branch,14.5,3.0
1500000,12.5,1.5069,0.02243,xfoil_branch,14.5,3.0
1500000,13.0,1.5225,0.02453,xfoil_branch,14.5,3.0
1500000,13.5,1.5339,0.02718,xfoil_branch,14.5,3.0
1500000,14.0,1.5411,0.0305,xfoil_branch,14.5,3.0
1500000,14.5,1.5447,0.03456,xfoil_branch,14.5,3.0
1500000,15.0,1.5359764237201414,0.03942340772437874,hermite_blend_3deg,14.5,3.0
1500000,15.5,1.5104004733825893,0.04502661402632998,hermite_blend_3deg,14.5,3.0
1500000,16.0,1.4742643167403826,0.05117909359907637,hermite_blend_3deg,14.5,3.0
1500000,16.5,1.4338601215465576,0.05769032113584045,hermite_blend_3deg,14.5,3.0
1500000,17.0,1.3954800555541518,0.06436977132984484,hermite_blend_3deg,14.5,3.0
1500000,17.5,1.3654162865162034,0.07102691887431214,viterna,14.5,3.0
1500000,18.0,1.3424106563427123,0.07769128505600226,viterna,14.5,3.0
1500000,18.5,1.320916082250383,0.08451806588378788,viterna,14.5,3.0
1500000,19.0,1.3008023192631541,0.09150521171862558,viterna,14.5,3.0
1500000,19.5,1.2819522579344793,0.09865062486193661,viterna,14.5,3.0
1500000,20.0,1.2642602876710287,0.1059521601922519,viterna,14.5,3.0
1500000,20.5,1.247630899678586,0.1134076258162423,viterna,14.5,3.0
1500000,21.0,1.2319774895910083,0.12101478373393662,viterna,14.5,3.0
1500000,21.5,1.2172213272736154,0.12877135051792432,viterna,14.5,3.0
1500000,22.0,1.2032906672029866,0.13667499800633676,viterna,14.5,3.0
1500000,22.5,1.1901199775536497,0.14472335400939593,viterna,14.5,3.0
1500000,23.0,1.1776492699255017,0.15291400302931474,viterna,14.5,3.0
1500000,23.5,1.1658235147208456,0.16124448699333171,viterna,14.5,3.0
1500000,24.0,1.1545921296784376,0.16971230599965514,viterna,14.5,3.0
1500000,24.5,1.143908531111487,0.17831491907609065,viterna,14.5,3.0
1500000,25.0,1.1337297390690275,0.187049744951121,viterna,14.5,3.0
1500000,25.5,1.1240160290173928,0.19591416283720364,viterna,14.5,3.0
1500000,26.0,1.1147306237774555,0.20490551322604772,viterna,14.5,3.0
1500000,26.5,1.1058394203988366,0.2140210986956277,viterna,14.5,3.0
1500000,27.0,1.0973107474402237,0.22325818472869002,viterna,14.5,3.0
1500000,27.5,1.089115148783951,0.2326140005425003,viterna,14.5,3.0
1500000,28.0,1.0812251906660981,0.2420857399295832,viterna,14.5,3.0
1500000,28.5,1.0736152890691146,0.25167056210919386,viterna,14.5,3.0
1500000,29.0,1.0662615550174923,0.26136559258926684,viterna,14.5,3.0
1500000,29.5,1.0591416556504616,0.27116792403857604,viterna,14.5,3.0
1500000,30.0,1.0522346892291423,0.2810746171688433,viterna,14.5,3.0
1500000,30.5,1.0455210724772164,0.2910827016265258,viterna,14.5,3.0
1500000,31.0,1.0389824388607374,0.3011891768940102,viterna,14.5,3.0
1500000,31.5,1.0326015465897427,0.311391013199941,viterna,14.5,3.0
1500000,32.0,1.0263621952764894,0.3216851524384055,viterna,14.5,3.0
1500000,32.5,1.0202491503162179,0.3320685090966945,viterna,14.5,3.0
1500000,33.0,1.0142480741695543,0.34253797119135765,viterna,14.5,3.0
1500000,33.5,1.008345463823677,0.35309040121226914,viterna,14.5,3.0
1500000,34.0,1.0025285937943944,0.3637226370744148,viterna,14.5,3.0
1500000,34.5,0.9967854641052325,0.374431493077111,viterna,14.5,3.0
1500000,35.0,0.9911047527440635,0.3852137608703666,viterna,14.5,3.0
1500000,35.5,0.985475772154081,0.39606621042808954,viterna,14.5,3.0
1500000,36.0,0.9798884293651537,0.4069855910278437,viterna,14.5,3.0
1500000,36.5,0.9743331894147699,0.4179686322368608,viterna,14.5,3.0
1500000,37.0,0.9688010417456905,0.4290120449040015,viterna,14.5,3.0
1500000,37.5,0.9632834693008054,0.4401125221573688,viterna,14.5,3.0
1500000,38.0,0.9577724200650998,0.45126674040726816,viterna,14.5,3.0
1500000,38.5,0.9522602808306166,0.4624713603542093,viterna,14.5,3.0
1500000,39.0,0.9467398529832902,0.47372302800164234,viterna,14.5,3.0
1500000,39.5,0.941204330130881,0.4850183756731235,viterna,14.5,3.0
1500000,40.0,0.935647277409327,0.4963540230335933,viterna,14.5,3.0
1500000,40.5,0.9300626123208839,0.5077265781144675,viterna,14.5,3.0
1500000,41.0,0.9244445869717381,0.5191326383422176,viterna,14.5,3.0
1500000,41.5,0.9187877715895256,0.5305687915701361,viterna,14.5,3.0
1500000,42.0,0.9130870392125816,0.5420316171129697,viterna,14.5,3.0
1500000,42.5,0.9073375514529214,0.553517686784103,viterna,14.5,3.0
1500000,43.0,0.9015347452440807,0.5650235659349827,viterna,14.5,3.0
1500000,43.5,0.8956743204931117,0.5765458144964624,viterna,14.5,3.0
1500000,44.0,0.8897522285633674,0.58808098802175,viterna,14.5,3.0
1500000,44.5,0.8837646615213193,0.5996256387306439,viterna,14.5,3.0
1500000,45.0,0.8777080420865723,0.6111763165547384,viterna,14.5,3.0
1500000,45.5,0.8715790142296109,0.6227295701832812,viterna,14.5,3.0
1500000,46.0,0.8653744343666268,0.6342819481093616,viterna,14.5,3.0
1500000,46.5,0.859091363105147,0.645829999676117,viterna,14.5,3.0
1500000,47.0,0.8527270574981263,0.657370276122633,viterna,14.5,3.0
1500000,47.5,0.8462789637677344,0.6688993316292248,viterna,14.5,3.0
1500000,48.0,0.8397447104633142,0.6804137243617754,viterna,14.5,3.0
1500000,48.5,0.8331221020209179,0.6919100175148213,viterna,14.5,3.0
1500000,49.0,0.8264091126944986,0.70338478035306,viterna,14.5,3.0
1500000,49.5,0.8196038808312661,0.7148345892509655,viterna,14.5,3.0
1500000,50.0,0.8127047034659145,0.7262560287302003,viterna,14.5,3.0
1500000,50.5,0.8057100312104493,0.7376456924945001,viterna,14.5,3.0
1500000,51.0,0.798618463418177,0.7490001844617216,viterna,14.5,3.0
1500000,51.5,0.7914287436020878,0.7603161197927389,viterna,14.5,3.0
1500000,52.0,0.7841397550894033,0.7715901259168747,viterna,14.5,3.0
1500000,52.5,0.7767505168954519,0.7828188435535534,viterna,14.5,3.0
1500000,53.0,0.7692601798013242,0.7939989277298678,viterna,14.5,3.0
1500000,53.5,0.7616680226209276,0.8051270487937481,viterna,14.5,3.0
1500000,54.0,0.7539734486441426,0.8161998934224252,viterna,14.5,3.0
1500000,54.5,0.7461759822437699,0.8272141656258813,viterna,14.5,3.0
1500000,55.0,0.7382752656348607,0.8381665877449849,viterna,14.5,3.0
1500000,55.5,0.7302710557758669,0.8490539014440031,viterna,14.5,3.0
1500000,56.0,0.7221632214018074,0.8598728686971906,viterna,14.5,3.0
1500000,56.5,0.7139517401803585,0.8706202727691583,viterna,14.5,3.0
1500000,57.0,0.7056366959824282,0.8812929191887179,viterna,14.5,3.0
1500000,57.5,0.6972182762593756,0.8918876367159105,viterna,14.5,3.0
1500000,58.0,0.688696769519588,0.9024012783019248,viterna,14.5,3.0
1500000,58.5,0.6800725628976512,0.9128307220416085,viterna,14.5,3.0
1500000,59.0,0.6713461398098073,0.923172872118291,viterna,14.5,3.0
1500000,59.5,0.6625180776898499,0.933424659740622,viterna,14.5,3.0
1500000,60.0,0.6535890457999988,0.9435830440711483,viterna,14.5,3.0
1500000,60.5,0.6445598031116819,0.9536450131463393,viterna,14.5,3.0
1500000,61.0,0.6354311962514964,0.9636075847877872,viterna,14.5,3.0
1500000,61.5,0.6262041575079451,0.9734678075043035,viterna,14.5,3.0
1500000,62.0,0.6168797028948494,0.9832227613846332,viterna,14.5,3.0
1500000,62.5,0.6074589302676106,0.9928695589805234,viterna,14.5,3.0
1500000,63.0,0.5979430174887626,1.0024053461798692,viterna,14.5,3.0
1500000,63.5,0.5883332206394887,1.0118273030696767,viterna,14.5,3.0
1500000,64.0,0.5786308722740129,1.0211326447885805,viterna,14.5,3.0
1500000,64.5,0.5688373797139706,1.0303186223686538,viterna,14.5,3.0
1500000,65.0,0.5589542233800772,1.0393825235662575,viterna,14.5,3.0
1500000,65.5,0.5489829551585794,1.0483216736816734,viterna,14.5,3.0
1500000,66.0,0.538925196800152,1.0571334363672775,viterna,14.5,3.0
1500000,66.5,0.5287826383490644,1.0658152144240003,viterna,14.5,3.0
1500000,67.0,0.5185570366005814,1.0743644505858365,viterna,14.5,3.0
1500000,67.5,0.5082502135847117,1.0827786282921683,viterna,14.5,3.0
1500000,68.0,0.4978640550745391,1.091055272447659,viterna,14.5,3.0
1500000,68.5,0.487400509117501,1.0991919501694951,viterna,14.5,3.0
1500000,69.0,0.4768615845880843,1.1071862715217435,viterna,14.5,3.0
1500000,69.5,0.46624934976052745,1.1150358902366053,viterna,14.5,3.0
1500000,70.0,0.4555659309002077,1.1227385044223415,viterna,14.5,3.0
1500000,70.5,0.4448135108724888,1.1302918572576615,viterna,14.5,3.0
1500000,71.0,0.4339943277679034,1.1376937376723568,viterna,14.5,3.0
1500000,71.5,0.42311067354260923,1.144941981013984,viterna,14.5,3.0
1500000,72.0,0.41216489267315815,1.1520344697003773,viterna,14.5,3.0
1500000,72.5,0.40115938082466995,1.158969133857812,viterna,14.5,3.0
1500000,73.0,0.39009658353159254,1.165743951944608,viterna,14.5,3.0
1500000,73.5,0.37897899489027637,1.1723569513599958,viterna,14.5,3.0
1500000,74.0,0.3678091562626706,1.1788062090380542,viterna,14.5,3.0
1500000,74.5,0.35658965499049494,1.1850898520265394,viterna,14.5,3.0
1500000,75.0,0.34532312311929897,1.191206058050434,viterna,14.5,3.0
1500000,75.5,0.3340122361318789,1.1971530560600387,viterna,14.5,3.0
1500000,76.0,0.3226597116905604,1.202929126763445,viterna,14.5,3.0
1500000,76.5,0.31126830838791586,1.2085326031432244,viterna,14.5,3.0
1500000,77.0,0.29984082450551397,1.2139618709571809,viterna,14.5,3.0
1500000,77.5,0.28838009678035803,1.2192153692230088,viterna,14.5,3.0
1500000,78.0,0.276888999178691,1.224291590686715,viterna,14.5,3.0
1500000,78.5,0.26537044167690127,1.2291890822746594,viterna,14.5,3.0
1500000,79.0,0.2538273690492863,1.2339064455290794,viterna,14.5,3.0
1500000,79.5,0.24226275966246738,1.2384423370269617,viterna,14.5,3.0
1500000,80.0,0.23067962427629055,1.24279546878214,viterna,14.5,3.0
1500000,80.5,0.21908100485106383,1.2469646086304949,viterna,14.5,3.0
1500000,81.0,0.20746997336102915,1.2509485805981329,viterna,14.5,3.0
1500000,81.5,0.1958496306139759,1.254746265252445,viterna,14.5,3.0
1500000,82.0,0.18422310507694992,1.258356600035929,viterna,14.5,3.0
1500000,82.5,0.17259355170801854,1.2617785795826735,viterna,14.5,3.0
1500000,83.0,0.16096415079409335,1.2650112560174198,viterna,14.5,3.0
1500000,83.5,0.1493381067948267,1.2680537392370939,viterna,14.5,3.0
1500000,84.0,0.13771864719261942,1.2709051971747385,viterna,14.5,3.0
1500000,84.5,0.12610902134881055,1.2735648560457555,viterna,14.5,3.0
1500000,85.0,0.11451249936612443,1.2760320005763903,viterna,14.5,3.0
1500000,85.5,0.10293237095748872,1.2783059742143832,viterna,14.5,3.0
1500000,86.0,0.09137194432133895,1.280386179321732,viterna,14.5,3.0
1500000,86.5,0.07983454502356165,1.2822720773495009,viterna,14.5,3.0
1500000,87.0,0.06832351488622963,1.2839631889946226,viterna,14.5,3.0
1500000,87.5,0.05684221088331633,1.2854590943386555,viterna,14.5,3.0
1500000,88.0,0.0453940040435837,1.2867594329684413,viterna,14.5,3.0
1500000,88.5,0.03398227836085542,1.2878639040786375,viterna,14.5,3.0
1500000,89.0,0.022610429711913627,1.288772266556091,viterna,14.5,3.0
1500000,89.5,0.011281864782258044,1.2894843390460202,viterna,14.5,3.0
1500000,90.0,7.898971854500428e-17,1.29,viterna,14.5,3.0
2000000,-3.5,-0.0605,0.00618,xfoil_branch,14.0,3.0
2000000,-3.0,-0.0041,0.00592,xfoil_branch,14.0,3.0
2000000,-2.5,0.0512,0.00577,xfoil_branch,14.0,3.0
2000000,-2.0,0.1078,0.00557,xfoil_branch,14.0,3.0
2000000,-1.5,0.1638,0.00543,xfoil_branch,14.0,3.0
2000000,-1.0,0.2196,0.00529,xfoil_branch,14.0,3.0
2000000,-0.5,0.2761,0.00512,xfoil_branch,14.0,3.0
2000000,0.0,0.3313,0.00501,xfoil_branch,14.0,3.0
2000000,0.5,0.3874,0.00481,xfoil_branch,14.0,3.0
2000000,1.0,0.4423,0.00468,xfoil_branch,14.0,3.0
2000000,1.5,0.497,0.00457,xfoil_branch,14.0,3.0
2000000,2.0,0.5495,0.00453,xfoil_branch,14.0,3.0
2000000,2.5,0.6005,0.00453,xfoil_branch,14.0,3.0
2000000,3.0,0.6648,0.00488,xfoil_branch,14.0,3.0
2000000,3.5,0.7159,0.00547,xfoil_branch,14.0,3.0
2000000,4.0,0.7686,0.00594,xfoil_branch,14.0,3.0
2000000,4.5,0.8211,0.00643,xfoil_branch,14.0,3.0
2000000,5.0,0.8723,0.00706,xfoil_branch,14.0,3.0
2000000,5.5,0.9239,0.00765,xfoil_branch,14.0,3.0
2000000,6.0,0.9748,0.00828,xfoil_branch,14.0,3.0
2000000,6.5,1.0256,0.00891,xfoil_branch,14.0,3.0
2000000,7.0,1.0761,0.00955,xfoil_branch,14.0,3.0
2000000,7.5,1.1259,0.01023,xfoil_branch,14.0,3.0
2000000,8.0,1.1762,0.01081,xfoil_branch,14.0,3.0
2000000,8.5,1.2242,0.0116,xfoil_branch,14.0,3.0
2000000,9.0,1.2733,0.01222,xfoil_branch,14.0,3.0
2000000,9.5,1.3187,0.01315,xfoil_branch,14.0,3.0
2000000,10.0,1.363,0.01411,xfoil_branch,14.0,3.0
2000000,10.5,1.4044,0.01526,xfoil_branch,14.0,3.0
2000000,11.0,1.4414,0.01669,xfoil_branch,14.0,3.0
2000000,11.5,1.4794,0.01784,xfoil_branch,14.0,3.0
2000000,12.0,1.5123,0.01919,xfoil_branch,14.0,3.0
2000000,12.5,1.5344,0.0207,xfoil_branch,14.0,3.0
2000000,13.0,1.5507,0.02258,xfoil_branch,14.0,3.0
2000000,13.5,1.5608,0.02508,xfoil_branch,14.0,3.0
2000000,14.0,1.5641999999999998,0.02844,xfoil_branch,14.0,3.0
2000000,14.5,1.55365953470431,0.032806410619630126,hermite_blend_3deg,14.0,3.0
2000000,15.0,1.5261889530025818,0.038146969924328915,hermite_blend_3deg,14.0,3.0
2000000,15.5,1.4881644761728294,0.04419366908280903,hermite_blend_3deg,14.0,3.0
2000000,16.0,1.4459623254930654,0.05067849926378311,hermite_blend_3deg,14.0,3.0
2000000,16.5,1.4059587222413037,0.05733345163596379,hermite_blend_3deg,14.0,3.0
2000000,17.0,1.374529887695557,0.06389051736806373,viterna,14.0,3.0
2000000,17.5,1.350380527130401,0.07039219021207357,viterna,14.0,3.0
2000000,18.0,1.3278608083825862,0.07705832699666641,viterna,14.0,3.0
2000000,18.5,1.306827577898932,0.08388692662956157,viterna,14.0,3.0
2000000,19.0,1.287152516333159,0.09087593933320659,viterna,14.0,3.0
2000000,19.5,1.268720242009005,0.0980232672668534,viterna,14.0,3.0
2000000,20.0,1.2514266989773573,0.10532676516321424,viterna,14.0,3.0
2000000,20.5,1.2351777810760802,0.11278424097950297,viterna,14.0,3.0
2000000,21.0,1.2198881526566487,0.12039345656266448,viterna,14.0,3.0
2000000,21.5,1.205480233959975,0.12815212832858905,viterna,14.0,3.0
2000000,22.0,1.191883324945148,0.13605792795510546,viterna,14.0,3.0
2000000,22.5,1.1790328460318924,0.14410848308854207,viterna,14.0,3.0
2000000,23.0,1.166869677963458,0.15230137806363958,viterna,14.0,3.0
2000000,23.5,1.1553395860252555,0.1606341546365982,viterna,14.0,3.0
2000000,24.0,1.1443927163153167,0.16910431273103527,viterna,14.0,3.0
2000000,24.5,1.1339831537714087,0.17770931119662572,viterna,14.0,3.0
2000000,25.0,1.1240685333068412,0.1864465685801958,viterna,14.0,3.0
2000000,25.5,1.114609696763519,0.19531346390903406,viterna,14.0,3.0
2000000,26.0,1.1055703895125106,0.20430733748618288,viterna,14.0,3.0
2000000,26.5,1.0969169914636794,0.21342549169746608,viterna,14.0,3.0
2000000,27.0,1.0886182780219413,0.22266519183001057,viterna,14.0,3.0
2000000,27.5,1.0806452071767927,0.2320236669020081,viterna,14.0,3.0
2000000,28.0,1.07297072945647,0.24149811050347053,viterna,14.0,3.0
2000000,28.5,1.0655696179368634,0.2510856816477166,viterna,14.0,3.0
2000000,29.0,1.058418315882826,0.26078350563333663,viterna,14.0,3.0
2000000,29.5,1.0514947999279878,0.2705886749163682,viterna,14.0,3.0
2000000,30.0,1.0447784569783156,0.2804982499924211,viterna,14.0,3.0
2000000,30.5,1.0382499732626758,0.29050926028848123,viterna,14.0,3.0
2000000,31.0,1.0318912341570656,0.3006187050641214,viterna,14.0,3.0
2000000,31.5,1.0256852335835707,0.31082355432184644,viterna,14.0,3.0
2000000,32.0,1.019615991934951,0.3211207497262958,viterna,14.0,3.0
2000000,32.5,1.0136684816048678,0.3315072055320213,viterna,14.0,3.0
2000000,33.0,1.0078285593152607,0.34197980951956053,viterna,14.0,3.0
2000000,33.5,1.0020829045289132,0.3525354239395205,viterna,14.0,3.0
2000000,34.0,0.9964189633189887,0.3631708864643826,viterna,14.0,3.0
2000000,34.5,0.9908248971401521,0.37388301114774036,viterna,14.0,3.0
2000000,35.0,0.9852895360093465,0.38466858939068005,viterna,14.0,3.0
2000000,35.5,0.9798023356597252,0.3955243909150059,viterna,14.0,3.0
2000000,36.0,0.9743533382797211,0.40644716474301673,viterna,14.0,3.0
2000000,36.5,0.9689331364917594,0.4174336401835366,viterna,14.0,3.0
2000000,37.0,0.9635328402624589,0.4284805278238963,viterna,14.0,3.0
2000000,37.5,0.9581440464690338,0.4395845205275661,viterna,14.0,3.0
2000000,38.0,0.95275881087558,0.4507422944371362,viterna,14.0,3.0
2000000,38.5,0.9473696222985188,0.46195050998233933,viterna,14.0,3.0
2000000,39.0,0.941969378763102,0.47320581289280667,viterna,14.0,3.0
2000000,39.5,0.9365513654729475,0.4845048352152551,viterna,14.0,3.0
2000000,40.0,0.9311092344323674,0.4958441963347863,viterna,14.0,3.0
2000000,40.5,0.9256369855770818,0.507220503999999,viterna,14.0,3.0
2000000,41.0,0.9201289492829963,0.5186303553515906,viterna,14.0,3.0
2000000,41.5,0.9145797701352807,0.5300703379541453,viterna,14.0,3.0
2000000,42.0,0.9089843918512107,0.5415370308307874,viterna,14.0,3.0
2000000,42.5,0.9033380432602478,0.5530270055003895,viterna,14.0,3.0
2000000,43.0,0.8976362252538321,0.5645368270170178,viterna,14.0,3.0
2000000,43.5,0.8918746986253967,0.5760630550112991,viterna,14.0,3.0
2000000,44.0,0.8860494727283523,0.5876022447333921,viterna,14.0,3.0
2000000,44.5,0.8801567948862863,0.5991509480972462,viterna,14.0,3.0
2000000,45.0,0.8741931404954648,0.6107057147258307,viterna,14.0,3.0
2000000,45.5,0.8681552037650061,0.6222630929970148,viterna,14.0,3.0
2000000,46.0,0.8620398890448432,0.6338196310897801,viterna,14.0,3.0
2000000,46.5,0.8558443026958904,0.6453718780304515,viterna,14.0,3.0
2000000,47.0,0.8495657454607197,0.6569163847386205,viterna,14.0,3.0
2000000,47.5,0.8432017052965621,0.6684497050724513,viterna,14.0,3.0
2000000,48.0,0.836749850635648,0.6799683968730442,viterna,14.0,3.0
2000000,48.5,0.8302080240407829,0.6914690230075449,viterna,14.0,3.0
2000000,49.0,0.823574236226694,0.7029481524106773,viterna,14.0,3.0
2000000,49.5,0.8168466604200657,0.714402361124385,viterna,14.0,3.0
2000000,50.0,0.810023627033359,0.7258282333352671,viterna,14.0,3.0
2000000,50.5,0.8031036186294924,0.7372223624094898,viterna,14.0,3.0
2000000,51.0,0.7960852651562722,0.7485813519248592,viterna,14.0,3.0
2000000,51.5,0.7889673394311028,0.7599018166997438,viterna,14.0,3.0
2000000,52.0,0.7817487528580233,0.7711803838185313,viterna,14.0,3.0
2000000,52.5,0.7744285513604918,0.7824136936533088,viterna,14.0,3.0
2000000,53.0,0.7670059115146012,0.7935984008814557,viterna,14.0,3.0
2000000,53.5,0.7594801368685675,0.8047311754988385,viterna,14.0,3.0
2000000,54.0,0.7518506544353942,0.8158087038283025,viterna,14.0,3.0
2000000,54.5,0.7441170113465874,0.8268276895231474,viterna,14.0,3.0
2000000,55.0,0.736278871655691,0.8377848545652914,viterna,14.0,3.0
2000000,55.5,0.7283360132812364,0.8486769402578096,viterna,14.0,3.0
2000000,56.0,0.7202883250794548,0.8595007082115509,viterna,14.0,3.0
2000000,56.5,0.7121358040377974,0.8702529413255342,viterna,14.0,3.0
2000000,57.0,0.7038785525809539,0.880930444760821,viterna,14.0,3.0
2000000,57.5,0.6955167759816495,0.891530046907572,viterna,14.0,3.0
2000000,58.0,0.687050779869046,0.902048600344993,viterna,14.0,3.0
2000000,58.5,0.6784809678280852,0.9124829827938752,viterna,14.0,3.0
2000000,59.0,0.6698078390835678,0.9228300980614462,viterna,14.0,3.0
2000000,59.5,0.6610319862632064,0.9330868769782374,viterna,14.0,3.0
2000000,60.0,0.6521540932342804,0.943250278326689,viterna,14.0,3.0
2000000,60.5,0.6431749330089003,0.953317289761205,viterna,14.0,3.0
2000000,61.0,0.6340953657132233,0.9632849287193824,viterna,14.0,3.0
2000000,61.5,0.6249163366162908,0.9731502433241374,viterna,14.0,3.0
2000000,62.0,0.6156388742144471,0.9829103132764473,viterna,14.0,3.0
2000000,62.5,0.6062640883675782,0.992562250738451,viterna,14.0,3.0
2000000,63.0,0.5967931684836639,1.0021032012066224,viterna,14.0,3.0
2000000,63.5,0.5872273817483721,1.0115303443747654,viterna,14.0,3.0
2000000,64.0,0.5775680713966551,1.0208408949865588,viterna,14.0,3.0
2000000,64.5,0.5678166550234985,1.030032103677399,viterna,14.0,3.0
2000000,65.0,0.5579746229311837,1.039101257805277,viterna,14.0,3.0
2000000,65.5,0.5480435365105927,1.0480456822704438,viterna,14.0,3.0
2000000,66.0,0.5380250266542516,1.0568627403236135,viterna,14.0,3.0
2000000,66.5,0.5279207921989789,1.0655498343624534,viterna,14.0,3.0
2000000,67.0,0.5177325983961313,1.074104406716126,viterna,14.0,3.0
2000000,67.5,0.5074622754075957,1.0825239404176417,viterna,14.0,3.0
2000000,68.0,0.4971117168257905,1.090805959963784,viterna,14.0,3.0
2000000,68.5,0.48668287821607076,1.0989480320623826,viterna,14.0,3.0
2000000,69.0,0.47617777568003167,1.106947766366702,viterna,14.0,3.0
2000000,69.5,0.4655984844383243,1.1148028161967254,viterna,14.0,3.0
2000000,70.0,0.45494713743168763,1.1225108792471137,viterna,14.0,3.0
2000000,70.5,0.44422592393899263,1.1300696982816243,viterna,14.0,3.0
2000000,71.0,0.43343708821119276,1.1374770618137764,viterna,14.0,3.0
2000000,71.5,0.42258292812014225,1.1447308047735658,viterna,14.0,3.0
2000000,72.0,0.41166579382133645,1.1518288091600097,viterna,14.0,3.0
2000000,72.5,0.4006880864296853,1.1587690046793415,viterna,14.0,3.0
2000000,73.0,0.3896522567075175,1.1655493693686463,viterna,14.0,3.0
2000000,73.5,0.3785608037640587,1.1721679302047594,viterna,14.0,3.0
2000000,74.0,0.36741627376570496,1.1786227636982356,viterna,14.0,3.0
2000000,74.5,0.35622125865646065,1.1849119964722117,viterna,14.0,3.0
2000000,75.0,0.3449783948879634,1.1910338058259864,viterna,14.0,3.0
2000000,75.5,0.33369036215858,1.1969864202831448,viterna,14.0,3.0
2000000,76.0,0.32235988216109246,1.2027681201240643,viterna,14.0,3.0
2000000,76.5,0.31098971733855335,1.2083772379026363,viterna,14.0,3.0
2000000,77.0,0.2995826696479185,1.2138121589470496,viterna,14.0,3.0
2000000,77.5,0.2881415793311234,1.2190713218444835,viterna,14.0,3.0
2000000,78.0,0.2766693236932897,1.2241532189095612,viterna,14.0,3.0
2000000,78.5,0.26516881588780505,1.229056396636424,viterna,14.0,3.0
2000000,79.0,0.25364300370803966,1.2337794561342874,viterna,14.0,3.0
2000000,79.5,0.24209486838550284,1.238321053546347,viterna,14.0,3.0
2000000,80.0,0.23052742339427962,1.2426799004519096,viterna,14.0,3.0
2000000,80.5,0.2189437132616046,1.246854764251624,viterna,14.0,3.0
2000000,81.0,0.2073468123844779,1.2508444685356963,viterna,14.0,3.0
2000000,81.5,0.1957398238522358,1.2546478934349798,viterna,14.0,3.0
2000000,82.0,0.18412587827503488,1.2582639759548295,viterna,14.0,3.0
2000000,82.5,0.17250813261821604,1.2616917102916223,viterna,14.0,3.0
2000000,83.0,0.16088976904255395,1.2649301481318498,viterna,14.0,3.0
2000000,83.5,0.14927399375041256,1.2679783989336844,viterna,14.0,3.0
2000000,84.0,0.1376640358378484,1.2708356301909456,viterna,14.0,3.0
2000000,84.5,0.12606314615273595,1.273501067679374,viterna,14.0,3.0
2000000,85.0,0.11447459615899369,1.2759739956851515,viterna,14.0,3.0
2000000,85.5,0.10290167680702793,1.278253757215584,viterna,14.0,3.0
2000000,86.0,0.09134769741051219,1.2803397541918995,viterna,14.0,3.0
2000000,86.5,0.07981598452965755,1.282231447624088,viterna,14.0,3.0
2000000,87.0,0.06830988086112925,1.28392835776774,viterna,14.0,3.0
2000000,87.5,0.05683274413479858,1.2854300642628365,viterna,14.0,3.0
2000000,88.0,0.04538794601752655,1.2867362062544383,viterna,14.0,3.0
2000000,88.5,0.033978871024192385,1.287846482495255,viterna,14.0,3.0
2000000,89.0,0.022608915436206585,1.2887606514300496,viterna,14.0,3.0
2000000,89.5,0.011281486227748223,1.2894785312618569,viterna,14.0,3.0
2000000,90.0,7.898971854500428e-17,1.29,viterna,14.0,3.0
3000000,-3.5,-0.061,0.00577,xfoil_branch,16.0,3.0
3000000,-3.0,-0.0049,0.00557,xfoil_branch,16.0,3.0
3000000,-2.5,0.0516,0.00538,xfoil_branch,16.0,3.0
3000000,-2.0,0.1076,0.0053,xfoil_branch,16.0,3.0
3000000,-1.5,0.1645,0.00514,xfoil_branch,16.0,3.0
3000000,-1.0,0.2204,0.00502,xfoil_branch,16.0,3.0
3000000,-0.5,0.2769,0.00493,xfoil_branch,16.0,3.0
3000000,0.0,0.3333,0.00477,xfoil_branch,16.0,3.0
3000000,0.5,0.3888,0.00475,xfoil_branch,16.0,3.0
3000000,1.0,0.4449,0.00456,xfoil_branch,16.0,3.0
3000000,1.5,0.5001,0.00461,xfoil_branch,16.0,3.0
3000000,2.0,0.5539,0.0046,xfoil_branch,16.0,3.0
3000000,2.5,0.6074,0.00465,xfoil_branch,16.0,3.0
3000000,3.0,0.6551,0.00489,xfoil_branch,16.0,3.0
3000000,3.5,0.7161,0.00531,xfoil_branch,16.0,3.0
3000000,4.0,0.7695,0.00572,xfoil_branch,16.0,3.0
3000000,4.5,0.8228,0.00614,xfoil_branch,16.0,3.0
3000000,5.0,0.8745,0.00674,xfoil_branch,16.0,3.0
3000000,5.5,0.9269,0.00724,xfoil_branch,16.0,3.0
3000000,6.0,0.9783,0.00784,xfoil_branch,16.0,3.0
3000000,6.5,1.0303,0.00836,xfoil_branch,16.0,3.0
3000000,7.0,1.0817,0.00891,xfoil_branch,16.0,3.0
3000000,7.5,1.1327,0.00948,xfoil_branch,16.0,3.0
3000000,8.0,1.1824,0.01015,xfoil_branch,16.0,3.0
3000000,8.5,1.233,0.01068,xfoil_branch,16.0,3.0
3000000,9.0,1.2805,0.01149,xfoil_branch,16.0,3.0
3000000,9.5,1.3284,0.01221,xfoil_branch,16.0,3.0
3000000,10.0,1.3735,0.01314,xfoil_branch,16.0,3.0
3000000,10.5,1.4153,0.0143,xfoil_branch,16.0,3.0
3000000,11.0,1.4567,0.01539,xfoil_branch,16.0,3.0
3000000,11.5,1.4931,0.01682,xfoil_branch,16.0,3.0
3000000,12.0,1.5311,0.01789,xfoil_branch,16.0,3.0
3000000,12.5,1.5641,0.01907,xfoil_branch,16.0,3.0
3000000,13.0,1.5873,0.02037,xfoil_branch,16.0,3.0
3000000,13.5,1.6068,0.02195,xfoil_branch,16.0,3.0
3000000,14.0,1.6232,0.02392,xfoil_branch,16.0,3.0
3000000,14.5,1.6356,0.02639,xfoil_branch,16.0,3.0
3000000,15.0,1.6448,0.02945,xfoil_branch,16.0,3.0
3000000,15.5,1.6502,0.03319,xfoil_branch,16.0,3.0
3000000,16.0,1.6513999999999998,0.03779,xfoil_branch,16.0,3.0
3000000,16.5,1.6413901873948187,0.04323723960078739,hermite_blend_3deg,16.0,3.0
3000000,17.0,1.6153338540870448,0.049396951740782284,hermite_blend_3deg,16.0,3.0
3000000,17.5,1.5791906568383318,0.0560861264264338,hermite_blend_3deg,16.0,3.0
3000000,18.0,1.538920252410334,0.06312175366419102,hermite_blend_3deg,16.0,3.0
3000000,18.5,1.5004822975647056,0.07032082346050303,hermite_blend_3deg,16.0,3.0
3000000,19.0,1.4698364490631,0.07750032582181896,viterna,16.0,3.0
3000000,19.5,1.4458126674167733,0.08468835392931764,viterna,16.0,3.0
3000000,20.0,1.4231867211273095,0.09203356750480926,viterna,16.0,3.0
3000000,20.5,1.4018457317216484,0.09953377132869715,viterna,16.0,3.0
3000000,21.0,1.3816873835021677,0.10718672399402301,viterna,16.0,3.0
3000000,21.5,1.3626187005067438,0.11499013858592895,viterna,16.0,3.0
3000000,22.0,1.3445549903417948,0.12294168337490438,viterna,16.0,3.0
3000000,22.5,1.3274189289282161,0.1310389825236064,viterna,16.0,3.0
3000000,23.0,1.3111397647148784,0.13927961680703793,viterna,16.0,3.0
3000000,23.5,1.295652624564584,0.1476611243458661,viterna,16.0,3.0
3000000,24.0,1.280897906483208,0.15618100135265645,viterna,16.0,3.0
3000000,24.5,1.2668207467838088,0.16483670289079633,viterna,16.0,3.0
3000000,25.0,1.2533705512627866,0.1736256436458766,viterna,16.0,3.0
3000000,25.5,1.2405005816001067,0.18254519870929709,viterna,16.0,3.0
3000000,26.0,1.2281675895475632,0.1915927043738574,viterna,16.0,3.0
3000000,26.5,1.2163314925914674,0.20076545894109032,viterna,16.0,3.0
3000000,27.0,1.20495508571145,0.2100607235400942,viterna,16.0,3.0
3000000,27.5,1.1940037846393627,0.2194757229576116,viterna,16.0,3.0
3000000,28.0,1.1834453966787981,0.22900764647910665,viterna,16.0,3.0
3000000,28.5,1.173249915698639,0.23865364874057957,viterna,16.0,3.0
3000000,29.0,1.1633893383811524,0.24841085059086487,viterna,16.0,3.0
3000000,29.5,1.1538374992009723,0.2582763399641459,viterna,16.0,3.0
3000000,30.0,1.144569921947789,0.26824717276242405,viterna,16.0,3.0
3000000,30.5,1.1355636858923956,0.2783203737476724,viterna,16.0,3.0
3000000,31.0,1.1267973049409226,0.2884929374434021,viterna,16.0,3.0
3000000,31.5,1.1182506183322578,0.2987618290453678,viterna,16.0,3.0
3000000,32.0,1.109904691614264,0.30912398534113644,viterna,16.0,3.0
3000000,32.5,1.1017417267900087,0.3195763156382366,viterna,16.0,3.0
3000000,33.0,1.093744980659598,0.3301157027006082,viterna,16.0,3.0
3000000,33.5,1.085898690499557,0.34073900369306853,viterna,16.0,3.0
3000000,34.0,1.0781880063226177,0.3514430511335045,viterna,16.0,3.0
3000000,34.5,1.0705989290485698,0.3622246538525027,viterna,16.0,3.0
3000000,35.0,1.0631182539932948,0.373080597960128,viterna,16.0,3.0
3000000,35.5,1.0557335191499218,0.3840076478195517,viterna,16.0,3.0
3000000,36.0,1.048432957794465,0.395002547027236,viterna,16.0,3.0
3000000,36.5,1.0412054549995633,0.40606201939937797,viterna,16.0,3.0
3000000,37.0,1.0340405076849353,0.4171827699643095,viterna,16.0,3.0
3000000,37.5,1.0269281878727836,0.4283614859605531,viterna,16.0,3.0
3000000,38.0,1.019859108851293,0.43959483784023123,viterna,16.0,3.0
3000000,38.5,1.012824393980208,0.4508794802775213,viterna,16.0,3.0
3000000,39.0,1.0058156478997564,0.46221205318185077,viterna,16.0,3.0
3000000,39.5,0.9988249299283589,0.4735891827155274,viterna,16.0,3.0
3000000,40.0,0.991844729456014,0.4850074823154864,viterna,16.0,3.0
3000000,40.5,0.9848679431593284,0.4964635537188554,viterna,16.0,3.0
3000000,41.0,0.9778878538811309,0.5079539879920145,viterna,16.0,3.0
3000000,41.5,0.9708981110327533,0.5194753665628463,viterna,16.0,3.0
3000000,42.0,0.963892712390578,0.5310242622558572,viterna,16.0,3.0
3000000,42.5,0.9568659871705318,0.5425972403298569,viterna,16.0,3.0
3000000,43.0,0.9498125802750383,0.5541908595178809,viterna,16.0,3.0
3000000,43.5,0.9427274376166338,0.5658016730690391,viterna,16.0,3.0
3000000,44.0,0.9356057924311699,0.5774262297919723,viterna,16.0,3.0
3000000,44.5,0.9284431525013552,0.5890610750996027,viterna,16.0,3.0
3000000,45.0,0.9212352882184344,0.6007027520548566,viterna,16.0,3.0
3000000,45.5,0.9139782214161589,0.6123478024170455,viterna,16.0,3.0
3000000,46.0,0.9066682149169336,0.623992767688582,viterna,16.0,3.0
3000000,46.5,0.8993017627351974,0.6356341901617188,viterna,16.0,3.0
3000000,47.0,0.8918755808877832,0.6472686139649854,viterna,16.0,3.0
3000000,47.5,0.884386598765238,0.6588925861090111,viterna,16.0,3.0
3000000,48.0,0.8768319510219271,0.6705026575314099,viterna,16.0,3.0
3000000,48.5,0.8692089699462321,0.6820953841404153,viterna,16.0,3.0
3000000,49.0,0.8615151782753194,0.6936673278569437,viterna,16.0,3.0
3000000,49.5,0.8537482824218371,0.7052150576547694,viterna,16.0,3.0
3000000,50.0,0.8459061660825123,0.7167351505984989,viterna,16.0,3.0
3000000,50.5,0.8379868842010177,0.7282241928790246,viterna,16.0,3.0
3000000,51.0,0.8299886572596467,0.7396787808461446,viterna,16.0,3.0
3000000,51.5,0.8219098658763249,0.7510955220380351,viterna,16.0,3.0
3000000,52.0,0.8137490456853068,0.7624710362072619,viterna,16.0,3.0
3000000,52.5,0.805504882481562,0.773801956343019,viterna,16.0,3.0
3000000,53.0,0.7971762076103769,0.7850849296892835,viterna,16.0,3.0
3000000,53.5,0.7887619935850935,0.7963166187585763,viterna,16.0,3.0
3000000,54.0,0.780261349917182,0.8074937023410241,viterna,16.0,3.0
3000000,54.5,0.771673519144018,0.8186128765084093,viterna,16.0,3.0
3000000,55.0,0.7629978730408074,0.8296708556129094,viterna,16.0,3.0
3000000,55.5,0.7542339090040999,0.8406643732802185,viterna,16.0,3.0
3000000,56.0,0.7453812465952374,0.8515901833967481,viterna,16.0,3.0
3000000,56.5,0.7364396242329223,0.8624450610906111,viterna,16.0,3.0
3000000,57.0,0.7274088960248674,0.873225803706087,viterna,16.0,3.0
3000000,57.5,0.718289028729199,0.883929231771273,viterna,16.0,3.0
3000000,58.0,0.709080098836943,0.8945521899586296,viterna,16.0,3.0
3000000,58.5,0.699782289767537,0.9050915480381218,viterna,16.0,3.0
3000000,59.0,0.69039588916986,0.9155442018226765,viterna,16.0,3.0
3000000,59.5,0.6809212863218117,0.9259070741056584,viterna,16.0,3.0
3000000,60.0,0.6713589696219313,0.9361771155900872,viterna,16.0,3.0
3000000,60.5,0.6617095241670128,0.9463513058093078,viterna,16.0,3.0
3000000,61.0,0.6519736294100721,0.9564266540388376,viterna,16.0,3.0
3000000,61.5,0.6421520568934107,0.9664002001991147,viterna,16.0,3.0
3000000,62.0,0.6322456680518787,0.9762690157488646,viterna,16.0,3.0
3000000,62.5,0.6222554120817658,0.9860302045688278,viterna,16.0,3.0
3000000,63.0,0.6121823238710602,0.9956809038355646,viterna,16.0,3.0
3000000,63.5,0.6020275219870976,1.0052182848850826,viterna,16.0,3.0
3000000,64.0,0.5917922067178973,1.0146395540660191,viterna,16.0,3.0
3000000,64.5,0.5814776581637144,1.023941953582123,viterna,16.0,3.0
3000000,65.0,0.5710852343755886,1.0331227623237735,viterna,16.0,3.0
3000000,65.5,0.5606163695378703,1.0421792966882906,viterna,16.0,3.0
3000000,66.0,0.55007257219191,1.051108911388785,viterna,16.0,3.0
3000000,66.5,0.5394554234982917,1.0599090002513,viterna,16.0,3.0
3000000,67.0,0.5287665755351547,1.0685769970000047,viterna,16.0,3.0
3000000,67.5,0.5180077496303264,1.0771103760302025,viterna,16.0,3.0
3000000,68.0,0.5071807347251286,1.0855066531689146,viterna,16.0,3.0
3000000,68.5,0.49628738576787684,1.0937633864228125,viterna,16.0,3.0
3000000,69.0,0.4853296221352149,1.1018781767132697,viterna,16.0,3.0
3000000,69.5,0.4743094260795645,1.1098486685983109,viterna,16.0,3.0
3000000,70.0,0.4632288412010827,1.117672550981237,viterna,16.0,3.0
3000000,70.5,0.45208997094262615,1.1253475578057155,viterna,16.0,3.0
3000000,71.0,0.4408949771063425,1.1328714687371153,viterna,16.0,3.0
3000000,71.5,0.4296460783905852,1.1402421098298963,viterna,16.0,3.0
3000000,72.0,0.4183455489459634,1.1474573541808306,viterna,16.0,3.0
3000000,72.5,0.4069957169494034,1.1545151225678743,viterna,16.0,3.0
3000000,73.0,0.39559896319520305,1.1614133840744831,viterna,16.0,3.0
3000000,73.5,0.38415771970211465,1.1681501566991936,viterna,16.0,3.0
3000000,74.0,0.37267446833558543,1.1747235079502751,viterna,16.0,3.0
3000000,74.5,0.3611517394443396,1.1811315554252784,viterna,16.0,3.0
3000000,75.0,0.3495921105105553,1.1873724673753026,viterna,16.0,3.0
3000000,75.5,0.3379982048129555,1.1934444632538086,viterna,16.0,3.0
3000000,76.0,0.32637269010218,1.1993458142498172,viterna,16.0,3.0
3000000,76.5,0.3147182772878743,1.20507484380532,viterna,16.0,3.0
3000000,77.0,0.3030377191369662,1.210629928116761,viterna,16.0,3.0
3000000,77.5,0.29133380898267003,1.2160094966204207,viterna,16.0,3.0
3000000,78.0,0.2796093794437845,1.2212120324615692,viterna,16.0,3.0
3000000,78.5,0.26786730115391316,1.2262360729472381,viterna,16.0,3.0
3000000,79.0,0.2561104815002667,1.2310802099824758,viterna,16.0,3.0
3000000,79.5,0.24434186337174812,1.235743090489955,viterna,16.0,3.0
3000000,80.0,0.23256442391606882,1.2402234168128043,viterna,16.0,3.0
3000000,80.5,0.22078117330566419,1.2445199471005457,viterna,16.0,3.0
3000000,81.0,0.20899515351223125,1.248631495678011,viterna,16.0,3.0
3000000,81.5,0.19720943708972394,1.2525569333971378,viterna,16.0,3.0
3000000,82.0,0.18542712596569322,1.2562951879715334,viterna,16.0,3.0
3000000,82.5,0.1736513502408705,1.2598452442936996,viterna,16.0,3.0
3000000,83.0,0.16188526699693814,1.263206144734835,viterna,16.0,3.0
3000000,83.5,0.15013205911245,1.266376989427111,viterna,16.0,3.0
3000000,84.0,0.1383949340868889,1.2693569365283477,viterna,16.0,3.0
3000000,84.5,0.12667712287288702,1.272145202468999,viterna,16.0,3.0
3000000,85.0,0.11498187871664162,1.2747410621813844,viterna,16.0,3.0
3000000,85.5,0.1033124760066017,1.277143849311085,viterna,16.0,3.0
3000000,86.0,0.09167220913050582,1.279352956410452,viterna,16.0,3.0
3000000,86.5,0.08006439134089147,1.2813678351141642,viterna,16.0,3.0
3000000,87.0,0.06849235362920149,1.283187996296776,viterna,16.0,3.0
3000000,87.5,0.05695944360864866,1.2848130102122248,viterna,16.0,3.0
3000000,88.0,0.045469024406011534,1.2862425066152336,viterna,16.0,3.0
3000000,88.5,0.03402447356255361,1.2874761748645964,viterna,16.0,3.0
3000000,89.0,0.02262918194428868,1.288513764008297,viterna,16.0,3.0
3000000,89.5,0.01128655266181773,1.2893550828504434,viterna,16.0,3.0
3000000,90.0,7.898971854500428e-17,1.29,viterna,16.0,3.0
6000000,-3.5,-0.062,0.00529,xfoil_branch,16.5,3.0
6000000,-3.0,-0.0051,0.00506,xfoil_branch,16.5,3.0
6000000,-2.5,0.0513,0.005,xfoil_branch,16.5,3.0
6000000,-2.0,0.1081,0.00487,xfoil_branch,16.5,3.0
6000000,-1.5,0.1651,0.00474,xfoil_branch,16.5,3.0
6000000,-1.0,0.2212,0.00472,xfoil_branch,16.5,3.0
6000000,-0.5,0.2782,0.00459,xfoil_branch,16.5,3.0
6000000,0.0,0.3342,0.00462,xfoil_branch,16.5,3.0
6000000,0.5,0.3909,0.00458,xfoil_branch,16.5,3.0
6000000,1.0,0.4463,0.00463,xfoil_branch,16.5,3.0
6000000,1.5,0.5012,0.00475,xfoil_branch,16.5,3.0
6000000,2.0,0.5561,0.00489,xfoil_branch,16.5,3.0
6000000,2.5,0.6094,0.00515,xfoil_branch,16.5,3.0
6000000,3.0,0.6636,0.00533,xfoil_branch,16.5,3.0
6000000,3.5,0.7178,0.00539,xfoil_branch,16.5,3.0
6000000,4.0,0.7707,0.00555,xfoil_branch,16.5,3.0
6000000,4.5,0.8211,0.00576,xfoil_branch,16.5,3.0
6000000,5.0,0.8787,0.00619,xfoil_branch,16.5,3.0
6000000,5.5,0.9317,0.00665,xfoil_branch,16.5,3.0
6000000,6.0,0.9845,0.00711,xfoil_branch,16.5,3.0
6000000,6.5,1.037,0.0076,xfoil_branch,16.5,3.0
6000000,7.0,1.0903,0.00797,xfoil_branch,16.5,3.0
6000000,7.5,1.1415,0.00855,xfoil_branch,16.5,3.0
6000000,8.0,1.1926,0.00909,xfoil_branch,16.5,3.0
6000000,8.5,1.2437,0.00962,xfoil_branch,16.5,3.0
6000000,9.0,1.2926,0.01032,xfoil_branch,16.5,3.0
6000000,9.5,1.3411,0.01103,xfoil_branch,16.5,3.0
6000000,10.0,1.3875,0.01189,xfoil_branch,16.5,3.0
6000000,10.5,1.4338,0.01269,xfoil_branch,16.5,3.0
6000000,11.0,1.48,0.01342,xfoil_branch,16.5,3.0
6000000,11.5,1.5244,0.01425,xfoil_branch,16.5,3.0
6000000,12.0,1.5668,0.01514,xfoil_branch,16.5,3.0
6000000,12.5,1.6069,0.01611,xfoil_branch,16.5,3.0
6000000,13.0,1.6439,0.01716,xfoil_branch,16.5,3.0
6000000,13.5,1.6741,0.01831,xfoil_branch,16.5,3.0
6000000,14.0,1.6943,0.01958,xfoil_branch,16.5,3.0
6000000,14.5,1.7121,0.02116,xfoil_branch,16.5,3.0
6000000,15.0,1.7261,0.02316,xfoil_branch,16.5,3.0
6000000,15.5,1.7368,0.02568,xfoil_branch,16.5,3.0
6000000,16.0,1.7444,0.02882,xfoil_branch,16.5,3.0
6000000,16.5,1.7472,0.03272,xfoil_branch,16.5,3.0
6000000,17.0,1.736855700310215,0.037706833610383315,hermite_blend_3deg,16.5,3.0
6000000,17.5,1.709268470054434,0.04387980209499093,hermite_blend_3deg,16.5,3.0
6000000,18.0,1.6708068124530198,0.05089760693400936,hermite_blend_3deg,16.5,3.0
6000000,18.5,1.6278392307263336,0.05841894960762516,hermite_blend_3deg,16.5,3.0
6000000,19.0,1.586734228094738,0.06610253159602479,hermite_blend_3deg,16.5,3.0
6000000,19.5,1.5538603077785946,0.07360705437939487,viterna,16.5,3.0
6000000,20.0,1.5279809553192283,0.08098693364221983,viterna,16.5,3.0
6000000,20.5,1.5035331909663294,0.0885226443973785,viterna,16.5,3.0
6000000,21.0,1.4804043391537847,0.09621194253392226,viterna,16.5,3.0
6000000,21.5,1.4584920303872246,0.10405253836914488,viterna,16.5,3.0
6000000,22.0,1.437703035258083,0.11204209734204015,viterna,16.5,3.0
6000000,22.5,1.4179522540129268,0.12017824072033786,viterna,16.5,3.0
6000000,23.0,1.3991618380045383,0.12845854632090248,viterna,16.5,3.0
6000000,23.5,1.381260423380731,0.13688054924327675,viterna,16.5,3.0
6000000,24.0,1.3641824606408552,0.14544174261614595,viterna,16.5,3.0
6000000,24.5,1.3478676263625682,0.1541395783564962,viterna,16.5,3.0
6000000,25.0,1.3322603055930071,0.16297146794123574,viterna,16.5,3.0
6000000,25.5,1.3173091352033168,0.17193478319104466,viterna,16.5,3.0
6000000,26.0,1.302966599997914,0.18102685706621507,viterna,16.5,3.0
6000000,26.5,1.2891886746088954,0.19024498447423788,viterna,16.5,3.0
6000000,27.0,1.2759345052384865,0.19958642308889402,viterna,16.5,3.0
6000000,27.5,1.2631661261759999,0.2090483941805959,viterna,16.5,3.0
6000000,28.0,1.2508482067405229,0.21862808345773285,viterna,16.5,3.0
6000000,28.5,1.2389478249108972,0.22832264191875784,viterna,16.5,3.0
6000000,29.0,1.2274342644201761,0.23812918671476285,viterna,16.5,3.0
6000000,29.5,1.2162788325287184,0.24804480202227483,viterna,16.5,3.0
6000000,30.0,1.2054546960614987,0.2580665399260112,viterna,16.5,3.0
6000000,30.5,1.1949367336118515,0.26819142131132423,viterna,16.5,3.0
6000000,31.0,1.1847014020845261,0.27841643676606237,viterna,16.5,3.0
6000000,31.5,1.1747266159829235,0.2887385474915759,viterna,16.5,3.0
6000000,32.0,1.1649916380447747,0.29915468622258945,viterna,16.5,3.0
6000000,32.5,1.1554769800022853,0.30966175815566005,viterna,16.5,3.0
6000000,33.0,1.1461643123911092,0.32025664188594016,viterna,16.5,3.0
6000000,33.5,1.137036382460956,0.330936190351961,viterna,16.5,3.0
6000000,34.0,1.1280769393520416,0.3416972317881465,viterna,16.5,3.0
6000000,34.5,1.1192706657984979,0.35253657068476985,viterna,16.5,3.0
6000000,35.0,1.1106031157042824,0.3634509887550625,viterna,16.5,3.0
6000000,35.5,1.1020606570108749,0.37443724590917704,viterna,16.5,3.0
6000000,36.0,1.093630419340545,0.3854920812347109,viterna,16.5,3.0
6000000,36.5,1.0853002459555614,0.3966122139834939,viterna,16.5,3.0
6000000,37.0,1.077058649623379,0.4077943445643352,viterna,16.5,3.0
6000000,37.5,1.0688947720215771,0.41903515554143167,viterna,16.5,3.0
6000000,38.0,1.0607983463548574,0.43033131263813235,viterna,16.5,3.0
6000000,38.5,1.0527596628904616,0.4416794657457543,viterna,16.5,3.0
6000000,39.0,1.0447695371484758,0.4530762499371415,viterna,16.5,3.0
6000000,39.5,1.0368192805101757,0.4645182864846638,viterna,16.5,3.0
6000000,40.0,1.0289006730312513,0.4760021838823357,viterna,16.5,3.0
6000000,40.5,1.0210059382677976,0.48752453887175884,viterna,16.5,3.0
6000000,41.0,1.013127719941705,0.49908193747156143,viterna,16.5,3.0
6000000,41.5,1.0052590602887885,0.5106709560100334,viterna,16.5,3.0
6000000,42.0,0.9973933799479208,0.5222881621606357,viterna,16.5,3.0
6000000,42.5,0.9895244592627686,0.5339301159800723,viterna,16.5,3.0
6000000,43.0,0.9816464208796897,0.5455933709486086,viterna,16.5,3.0
6000000,43.5,0.9737537135360428,0.55727447501232,viterna,16.5,3.0
6000000,44.0,0.9658410969427913,0.568969971626953,viterna,16.5,3.0
6000000,44.5,0.9579036276739225,0.580676400803082,viterna,16.5,3.0
6000000,45.0,0.9499366459829779,0.5923903001522449,viterna,16.5,3.0
6000000,45.5,0.9419357634740133,0.6041082059337382,viterna,16.5,3.0
6000000,46.0,0.9338968515606231,0.6158266541017521,viterna,16.5,3.0
6000000,46.5,0.9258160306523799,0.6275421813525325,viterna,16.5,3.0
6000000,47.0,0.9176896600132174,0.6392513261712428,viterna,16.5,3.0
6000000,47.5,0.9095143282409461,0.650950629878218,viterna,16.5,3.0
6000000,48.0,0.9012868443213506,0.6626366376742817,viterna,16.5,3.0
6000000,48.5,0.8930042292141531,0.6743058996848187,viterna,16.5,3.0
6000000,49.0,0.8846637079316237,0.6859549720022784,viterna,16.5,3.0
6000000,49.5,0.8762627020738046,0.6975804177267931,viterna,16.5,3.0
6000000,50.0,0.8677988227871951,0.7091788080046009,viterna,16.5,3.0
6000000,50.5,0.85926986411639,0.7207467230639489,viterna,16.5,3.0
6000000,51.0,0.8506737967205609,0.7322807532481679,viterna,16.5,3.0
6000000,51.5,0.842008761928866,0.7437775000456016,viterna,16.5,3.0
6000000,52.0,0.8332730661108785,0.7552335771160793,viterna,16.5,3.0
6000000,52.5,0.8244651753399543,0.766645611313618,viterna,16.5,3.0
6000000,53.0,0.815583710329141,0.7780102437050449,viterna,16.5,3.0
6000000,53.5,0.8066274416207653,0.7893241305842287,viterna,16.5,3.0
6000000,54.0,0.7975952850122445,0.8005839444816145,viterna,16.5,3.0
6000000,54.5,0.7884862972019661,0.8117863751687507,viterna,16.5,3.0
6000000,55.0,0.7792996716402601,0.8229281306575089,viterna,16.5,3.0
6000000,55.5,0.77003473457159,0.834005938193687,viterna,16.5,3.0
6000000,56.0,0.7606909412550845,0.8450165452446964,viterna,16.5,3.0
6000000,56.5,0.7512678723514669,0.8559567204810355,viterna,16.5,3.0
6000000,57.0,0.741765230465282,0.8668232547512456,viterna,16.5,3.0
6000000,57.5,0.7321828368321162,0.8776129620500571,viterna,16.5,3.0
6000000,58.0,0.7225206281412233,0.8883226804794329,viterna,16.5,3.0
6000000,58.5,0.712778653484651,0.8989492732022096,viterna,16.5,3.0
6000000,59.0,0.7029570714245659,0.9094896293880586,viterna,16.5,3.0
6000000,59.5,0.6930561471710679,0.9199406651514668,viterna,16.5,3.0
6000000,60.0,0.6830762498632978,0.9302993244814635,viterna,16.5,3.0
6000000,60.5,0.6730178499471469,0.9405625801628018,viterna,16.5,3.0
6000000,61.0,0.6628815166433235,0.9507274346883193,viterna,16.5,3.0
6000000,61.5,0.6526679154999613,0.960790921162203,viterna,16.5,3.0
6000000,62.0,0.6423778060243424,0.9707501041938754,viterna,16.5,3.0
6000000,62.5,0.6320120393886738,0.9806020807822434,viterna,16.5,3.0
6000000,63.0,0.6215715562051984,0.9903439811900272,viterna,16.5,3.0
6000000,63.5,0.6110573843662268,0.9999729698079142,viterna,16.5,3.0
6000000,64.0,0.6004706369449874,1.009486246008271,viterna,16.5,3.0
6000000,64.5,0.5898125101534427,1.0188810449881556,viterna,16.5,3.0
6000000,65.0,0.5790842813534978,1.0281546386013705,viterna,16.5,3.0
6000000,65.5,0.568287307118247,1.0373043361793084,viterna,16.5,3.0
6000000,66.0,0.5574230213401348,1.0463274853403404,viterna,16.5,3.0
6000000,66.5,0.5464929333831141,1.0552214727874984,viterna,16.5,3.0
6000000,67.0,0.535498626276075,1.0639837250942112,viterna,16.5,3.0
6000000,67.5,0.5244417549450026,1.0726117094778562,viterna,16.5,3.0
6000000,68.0,0.5133240444814854,1.081102934560891,viterna,16.5,3.0
6000000,68.5,0.5021472884453655,1.089454951119333,viterna,16.5,3.0
6000000,69.0,0.49091334719945395,1.0976653528183635,viterna,16.5,3.0
6000000,69.5,0.4796241462743914,1.1057317769348283,viterna,16.5,3.0
6000000,70.0,0.4682816747618539,1.1136519050664175,viterna,16.5,3.0
6000000,70.5,0.45688798373442446,1.1214234638273117,viterna,16.5,3.0
6000000,71.0,0.4454451846905807,1.1290442255300766,viterna,16.5,3.0
6000000,71.5,0.43395544802333547,1.136512008853611,viterna,16.5,3.0
6000000,72.0,0.42242100151119244,1.1438246794969293,viterna,16.5,3.0
6000000,72.5,0.4108441288301514,1.1509801508185986,viterna,16.5,3.0
6000000,73.0,0.3992271680856115,1.1579763844616182,viterna,16.5,3.0
6000000,73.5,0.38757251036308155,1.1648113909635667,viterna,16.5,3.0
6000000,74.0,0.3758825982967102,1.171483230351824,viterna,16.5,3.0
6000000,74.5,0.36415992465470626,1.1779900127236866,viterna,16.5,3.0
6000000,75.0,0.3524070309407977,1.1843298988112103,viterna,16.5,3.0
6000000,75.5,0.34062650601095157,1.1905011005305919,viterna,16.5,3.0
6000000,76.0,0.3288209847046248,1.196501881515943,viterna,16.5,3.0
6000000,76.5,0.3169931464898975,1.202330557637277,viterna,16.5,3.0
6000000,77.0,0.3051457141218751,1.2079854975025652,viterna,16.5,3.0
6000000,77.5,0.29328145231382025,1.213465122943702,viterna,16.5,3.0
6000000,78.0,0.2814031664205099,1.218767909486234,viterna,16.5,3.0
6000000,78.5,0.2695137011333746,1.2238923868027138,viterna,16.5,3.0
6000000,79.0,0.25761593918701675,1.2288371391495363,viterna,16.5,3.0
6000000,79.5,0.24571280007674623,1.2336008057871286,viterna,16.5,3.0
6000000,80.0,0.23380723878682538,1.2381820813833657,viterna,16.5,3.0
6000000,80.5,0.22190224452913762,1.2425797164000907,viterna,16.5,3.0
6000000,81.0,0.21000083949205223,1.2467925174626193,viterna,16.5,3.0
6000000,81.5,0.19810607759927407,1.2508193477121208,viterna,16.5,3.0
6000000,82.0,0.1862210432785211,1.254659127140768,viterna,16.5,3.0
6000000,82.5,0.17434885023988764,1.2583108329095525,viterna,16.5,3.0
6000000,83.0,0.16249264026379903,1.2617734996486738,viterna,16.5,3.0
6000000,83.5,0.15065558199848472,1.2650462197404058,viterna,16.5,3.0
6000000,84.0,0.13884086976692478,1.268128143584362,viterna,16.5,3.0
6000000,84.5,0.1270517223832651,1.2710184798450737,viterna,16.5,3.0
6000000,85.0,0.11529138197870582,1.273716495681809,viterna,16.5,3.0
6000000,85.5,0.10356311283691375,1.2762215169605653,viterna,16.5,3.0
6000000,86.0,0.09187020023901503,1.2785329284481677,viterna,16.5,3.0
6000000,86.5,0.0802159493182687,1.2806501739884193,viterna,16.5,3.0
6000000,87.0,0.06860368392452663,1.2825727566602438,viterna,16.5,3.0
6000000,87.5,0.0570367454986254,1.2843002389177856,viterna,16.5,3.0
6000000,88.0,0.045518491956867926,1.285832242712407,viterna,16.5,3.0
6000000,88.5,0.03405229658577492,1.2871684495965667,viterna,16.5,3.0
6000000,89.0,0.022641546947318045,1.2883086008095348,viterna,16.5,3.0
6000000,89.5,0.011289643794851785,1.2892524973449204,viterna,16.5,3.0
6000000,90.0,7.898971854500428e-17,1.29,viterna,16.5,3.0
